This is a complete '''list of [[ice hockey]] players who have played for the [[Buffalo Sabres]]''' in the [[National Hockey League]] (NHL). It includes players who have played at least one game with the team, either in the NHL regular season or in the NHL playoffs.  This list does not include players who only played with the Sabres during pre-season games.

As of [[January 31]], [[2007-08 Buffalo Sabres season|2008]], 34 [[goaltender (ice hockey)|goaltenders]] and 328 skaters ([[forward (ice hockey)|forwards]] and [[defenceman (ice hockey)|defencemen]]) have appeared in at least one regular-season and/or playoff game with the Buffalo Sabres since the team joined the league in the [[1970-71 NHL season]].  The 362 all-time members of the Sabres are listed below, with statistics complete through the end of the [[2006-07 Buffalo Sabres season|2006-07 season]].

Seven former Buffalo Sabres players are enshrined in the [[Hockey Hall of Fame]]: [[Dick Duff]], [[Grant Fuhr]], [[Clark Gillies]], [[Dale Hawerchuk]], [[Tim Horton]], [[Pat LaFontaine]], and [[Gilbert Perreault]].  [[Dominik Hasek]] won two [[Hart Memorial Trophy|Hart Memorial Trophies]] as NHL [[most valuable player|MVP]] while playing for the Sabres.  In addition, Hasek won six [[Vezina Trophy|Vezina Trophies]] as the NHL's top goaltender while playing for Buffalo; [[Tom Barrasso]] also won the Vezina while playing for the Sabres, while [[Don Edwards (ice hockey)|Don Edwards]] and [[Bob Sauve]] shared the trophy as Sabres in the [[1979-80 NHL season|1979-80 season]].  Barrasso also won the [[Calder Memorial Trophy]] as NHL [[rookie]] of the year while playing for the Sabres, as did Gilbert Perreault.

The "Seasons" column lists the first year of the season of the player's first game and the last year of the season of the player's last game.  For example, a player who played one game in the [[2000-01 NHL season|2000-01 season]] would be listed as playing with the team from 2000-2001, regardless of what calendar year the game occurred within.

==Key==
{{legend2|#CFECEC|Retired jersey and/or elected to the [[Hockey Hall of Fame]]|border=1px solid #AAAAAA}}<br>
{{legend2|#CCFFCC|Has played for the Sabres during the 2007<U+2013>08 season|border=1px solid #AAAAAA}}
{{columns-start|num=3}}
{| class="wikitable" style="font-size:90%;"
|+ '''Abbreviations'''
|-
|Nat
|Nationality
|-
|GP
|Games Played
|}
{{column}}
{| class="wikitable" style="font-size:90%;"
|+Goaltenders
|-
|W
|Wins
|-
|P
|[[Point (ice hockey)|Points]]
|-
|PIM
|[[Penalty (ice hockey)|Penalty minutes]]
|-
|GAA 
|[[Goals against average]]
|-
|SV%
|[[Save percentage]]*
|}
{{column}}
{| class="wikitable" style="font-size:90%;"
|+Skaters
|-
|Pos
|[[Position (ice hockey)|Position]]
|-
|D
|[[Defenceman (ice hockey)|Defenceman]]
|-
|LW/RW
|[[Winger (ice hockey)|Left Wing/Right Wing]]
|-
|C
|[[Centre (ice hockey)|Centre]]
|-
|F
|[[Forward (ice hockey)|Forward]]
|-
|G
|[[Goal (ice hockey)|Goals]]
|-
|A
|[[Assist (ice hockey)|Assists]]
|-
|P
|[[Point (ice hockey)|Points]]
|-
|PIM
|[[Penalty (ice hockey)|Penalty minutes]]
|}
{{columns-end}}

<small><nowiki>*</nowiki> - [[Save percentage]] did not become an official NHL statistic until the [[1982-83 NHL season|1982-83 season]].  Therefore, goaltenders who played before 1982 do not have official save percentages.</small>

==Goaltenders==
[[Image:Martin Biron3.jpg|thumb|140px|right|[[Martin Biron]] played for the Sabres for nine seasons before being traded to the [[Philadelphia Flyers]] in [[2006-07 Buffalo Sabres season|2007]].<ref>{{cite web|url=http://www.legendsofhockey.net:8080/LegendsOfHockey/jsp/SearchPlayer.jsp?player=18254|title=NHL Player Search -- Player -- Martin Biron|publisher=Hockey Hall of Fame|accessdate=2008-01-16}}</ref>]]
[[Image:VezinaHasek.jpg|thumb|140px|right|[[Dominik Hasek]], shown with the [[Vezina Trophy]] (left) and the [[Hart Trophy]] (right), won six Vezina Trophies and two Hart Trophies while with the Sabres.<ref>{{cite web|url=http://www.legendsofhockey.net:8080/LegendsOfHockey/jsp/SearchPlayer.jsp?player=18282|title=NHL Player Search -- Player -- Dominik Hasek|publisher=Hockey Hall of Fame|accessdate=2008-01-16}}</ref>]]

{| class="wikitable" 
|- 
!rowspan="2"|
!rowspan="2"|Nat
!rowspan="2"|Seasons
!colspan="6" class="unsortable"|Regular Season
!colspan="6" class="unsortable"|Playoffs
!rowspan="2"|Notes
|-
!GP!!W!!P!!PIM!!GAA!!SV%!!GP!!W!!P!!PIM!!GAA!!SV%
|- 
||[[Tom Barrasso|Barrasso, Tom]]||{{flagicon|USA}}||1983<U+2014>1989||266||124||17||182||3.28||.884||12||3||0||9||4.16||.861||
|-
||[[Martin Biron|Biron, Martin]]||{{flagicon|CAN}}||1995<U+2014>1996<br>1998<U+2014>2007||300||134||5||71||2.62||.909||<U+2014>||<U+2014>||<U+2014>||<U+2014>||<U+2014>||<U+2014>||
|-
||[[John Blue (ice hockey)|Blue, John]]||{{flagicon|USA}}||1995<U+2014>1996||5||2||0||0||3.53||.891||<U+2014>||<U+2014>||<U+2014>||<U+2014>||<U+2014>||<U+2014>||
|-
||[[Gary Bromley|Bromley, Gary]]||{{flagicon|CAN}}||1973<U+2014>1976||63||29||4||4||3.20||<U+2014>||<U+2014>||<U+2014>||<U+2014>||<U+2014>||<U+2014>||<U+2014>
|-||
||[[Jacques Cloutier|Cloutier, Jacques]]||{{flagicon|CAN}}||1981<U+2014>1983<br>1984<U+2014>1989||144||50||7||29||3.70||<U+2014>||4||1||0||0||2.52||.907||
|-
||[[Ty Conklin|Conklin, Ty]]||{{flagicon|USA}}||2006<U+2014>2007||5||1||0||2||3.43||.892||<U+2014>||<U+2014>||<U+2014>||<U+2014>||<U+2014>||<U+2014>||
|-
||[[Roger Crozier|Crozier, Roger]]||{{flagicon|CAN}}||1970<U+2014>1976||202||74||3||24||3.23||<U+2014>||9||5||1||2||2.77||<U+2014>||
|-
||[[Joe Daley|Daley, Joe]]||{{flagicon|CAN}}||1970<U+2014>1971||38||12||1||12||3.70||<U+2014>||<U+2014>||<U+2014>||<U+2014>||<U+2014>||<U+2014>||<U+2014>||
|-
||[[Gerry Desjardins|Desjardins, Gerry]]||{{flagicon|CAN}}||1974<U+2014>1978||116||66||1||4||2.81||<U+2014>||25||11||0||4||3.25||<U+2014>||
|-
||[[Tom Draper|Draper, Tom]]||{{flagicon|CAN}}||1991<U+2014>1993||37||15||3||4||3.37||.890||7||3||0||0||2.63||.905||
|-
||[[Dave Dryden|Dryden, Dave]]||{{flagicon|CAN}}||1970<U+2014>1974||120||43||2||4||3.06||<U+2014>||2||0||0||0||4.50||<U+2014>||
|-
||[[Don Edwards (ice hockey)|Edwards, Don]]||{{flagicon|CAN}}||1976<U+2014>1982||307||156||11||32||3.00||<U+2014>||31||13||0||7||3.16||<U+2014>||
|-
||[[Darren Eliot|Eliot, Darren]]||{{flagicon|CAN}}||1988<U+2014>1989||2||0||0||0||6.27||.837||<U+2014>||<U+2014>||<U+2014>||<U+2014>||<U+2014>||<U+2014>||
|-
||[[Bob Essensa|Essensa, Bob]]||{{flagicon|CAN}}||2001<U+2014>2002||9||0||0||0||2.91||.850||<U+2014>||<U+2014>||<U+2014>||<U+2014>||<U+2014>||<U+2014>
||
|-
||[[Norm "Rocky" Farr|Farr, Norm "Rocky"]]||{{flagicon|CAN}}||1972<U+2014>1975||19||2||0||2||3.49||<U+2014>||<U+2014>||<U+2014>||<U+2014>||<U+2014>||<U+2014>||<U+2014>||
|- bgcolor="#CFECEC"
||[[Grant Fuhr|Fuhr, Grant]]||{{flagicon|CAN}}||1992<U+2014>1995||64||25||4||26||3.60||.886||8||3||0||2||3.42||.875||[[Hockey Hall of Fame|HHOF]]-2003
|-
||[[Paul Harrison (ice hockey)|Harrison, Paul]]||{{flagicon|CAN}}||1981<U+2014>1982||6||2||0||2||3.67||<U+2014>||1||0||0||0||2.31||<U+2014>||
|-
||[[Dominik Hasek|Hasek, Dominik]]||{{flagicon|CZE}}||1992<U+2014>2001||491||234||13||104||2.22||.926||68||37||1||32||2.04||.930||
|-
||[[Randy Ireland|Ireland, Randy]]||{{flagicon|CAN}}||1978<U+2014>1979||2||0||0||0||6.00||<U+2014>||<U+2014>||<U+2014>||<U+2014>||<U+2014>||<U+2014>||<U+2014>
||
|-
||[[David Littman (ice hockey)|Littman, David]]||{{flagicon|USA}}||1990<U+2014>1992||2||0||0||0||4.38||.851||<U+2014>||<U+2014>||<U+2014>||<U+2014>||<U+2014>||<U+2014>||
|-
||[[Clint Malarchuk|Malarchuk, Clint]]||{{flagicon|CAN}}||1988<U+2014>1992||102||39||6||41||3.40||.904||5||2||1||2||4.33||.851||
|- bgcolor="#CCFFCC"
||[[Ryan Miller (ice hockey)|Miller, Ryan]]||{{flagicon|USA}}||2002<U+2014>2008||129||76||4||2||2.72||.909||34||20||0||4||2.40||.915||
|-
||[[Phil Myre|Myre, Phil]]||{{flagicon|CAN}}||1982<U+2014>1983||5||3||0||2||4.20||.861||1||0||0||0||7.37||<U+2014>||
|-
||[[Mika Noronen|Noronen, Mika]]||{{flagicon|FIN}}||2000<U+2014>2006||67||22||1||4||2.64||.902||<U+2014>||<U+2014>||<U+2014>||<U+2014>||<U+2014>||<U+2014>||
|-
||[[Daren Puppa|Puppa, Daren]]||{{flagicon|CAN}}||1985<U+2014>1993||215||93||14||30||3.47||.898||11||3||0||0||3.64||.894||
|-
||[[Dwayne Roloson|Roloson, Dwayne]]||{{flagicon|CAN}}||1998<U+2014>2000||32||7||0||4||2.87||.909||4||1||0||0||4.32||.851||
|-
||[[Bob Sauve|Sauve, Bob]]||{{flagicon|CAN}}||1976<U+2014>1985||246||119||8||20||3.21||<U+2014>||23||13||0||2||3.22||<U+2014>||
|-
||[[Steve Shields (ice hockey)|Shields, Steve]]||{{flagicon|CAN}}||1995<U+2014>1998||31||7||0||23||2.91||.913||10||4||0||9||2.74||.922||
|-
||[[Peter Skudra|Skudra, Peter]]||{{flagicon|LAT}}||2000<U+2014>2001||1||0||0||0||0.00||n/a<ref>{{cite web|url=http://www.hockeygoalies.org/bio/skudra.html|title=Peter Skudra (1997-present)|publisher=hockeygoalies.org|accessdate=2008-01-16}}</ref>||<U+2014>||<U+2014>||<U+2014>||<U+2014>||<U+2014>||<U+2014>||
|-
||[[Al Smith (ice hockey)|Smith, Al]]||{{flagicon|CAN}}||1975<U+2014>1977||21||9||0||0||3.37||<U+2014>||<U+2014>||<U+2014>||<U+2014>||<U+2014>||<U+2014>||<U+2014>||
|-
||[[Robb Stauber|Stauber, Robb]]||{{flagicon|USA}}||1994<U+2014>1995||6||2||0||0||3.79||.867||<U+2014>||<U+2014>||<U+2014>||<U+2014>||<U+2014>||<U+2014>||
|- bgcolor="#CCFFCC"
||[[Jocelyn Thibault|Thibault, Jocelyn]]||{{flagicon|CAN}}||2007<U+2014>2008
|align="center" colspan="14"|''made Sabre debut in [[2007-08 Buffalo Sabres season|2007-08 season]]''
|-
||[[Andrei Trefilov|Trefilov, Andrei]]||{{flagicon|RUS}}||1995<U+2014>1997||25||8||0||4||3.54||.902||1||0||0||0||0.00||1.000||
|-
||[[Darcy Wakaluk|Wakaluk, Darcy]]||{{flagicon|CAN}}||1988<U+2014>1989<br>1990<U+2014>1991||22||5||0||2||3.55||.869||2||0||0||2||3.24||.909||
|}

==Skaters==
[[Image:Maxim Afinogenov.jpg|thumb|140px|right|[[Maxim Afinogenov]] led the Sabres in scoring in [[2005-06 Buffalo Sabres season|2005-06]] with 73 points.<ref>{{cite web|url=http://www.hockeydb.com/ihdb/stats/leagues/seasons/teams/0000332006.html|title=2005-06 Buffalo Sabres (NHL) player statistics|publisher=The Internet Hockey Database|accessdate=2008-01-14}}</ref>]]
[[Image:Sabers_Brian_Campbell_2007.jpg|thumb|140px|[[Brian Campbell]] was elected to the [[55th National Hockey League All-Star Game|2007 NHL All-Star Game]] as a starting defenceman.<ref>{{cite web|url=http://sports.espn.go.com/nhl/allstar2007/news/story?id=2731966|title=2007 NHL All-Star Game Rosters|publisher=ESPN|accessdate=2008-01-14}}</ref>]]
[[Image:Chris Drury.jpg|thumb|140px|right|[[Chris Drury]] scored a career-high 37 goals while playing for the Sabres in the [[2006-07 Buffalo Sabres season|2006-07 season]].<ref>{{cite web|url=http://www.hockeydb.com/ihdb/stats/pdisplay.php3?pid=1444|title=Chris Drury's profile|publisher=The Internet Hockey Database|accessdate=2008-01-16}}</ref>]]
[[Image:Hamel.jpg|thumb|140px|right|[[Denis Hamel]], shown here as a member of the [[American Hockey League|AHL]]'s [[Binghamton Senators]], spent parts of four seasons with the Sabres.<ref>{{cite web|url=http://www.hockeydb.com/ihdb/stats/pdisplay.php3?pid=26810|title=Denis Hamel's profile|publisher=The Internet Hockey Database|accessdate=2008-01-14}}</ref>]]
[[Image:HechtHockey.jpg|thumb|140px|right|[[Jochen Hecht]] has played for the Sabres from [[2002-03 NHL season|2002]] to the present.<ref>{{cite web|url=http://www.hockeydb.com/ihdb/stats/pdisplay.php3?pid=30633|title=Jochen Hecht's profile|publisher=The Internet Hockey Database|accessdate=2008-01-16}}</ref>]]
[[Image:Timhorton.jpg|thumb|140px|right|[[Tim Horton]], shown here as a member of the [[Toronto Maple Leafs]], was a member of the Sabres at the time of his death in [[1973-74 NHL season|1974]].<ref>{{cite web|url=http://www.legendsofhockey.net/html/spot_oneononep197702.htm|title=Spotlight - One on One with Tim Horton|publisher=Hockey Hall of Fame|accessdate=2008-01-11}}</ref>]]
[[Image:Weiss vs Kozlov.jpg|thumb|140px|right|[[Vyacheslav Kozlov]] (right), shown here playing for the [[Atlanta Thrashers]], was acquired by the Sabres in the trade which sent [[Dominik Hasek]] to [[Detroit Red Wings|Detroit]].<ref>{{cite web|url=http://www.legendsofhockey.net:8080/LegendsOfHockey/jsp/SearchPlayer.jsp?player=10831|title=NHL Player Search -- Player -- Vyacheslav Kozlov|publisher=Hockey Hall of Fame|accessdate=2008-01-14}}</ref>]]
[[Image:Alexander Mogilny.jpg|thumb|140px|right|[[Alexander Mogilny]], shown here as a member of the [[American Hockey League|AHL]]'s [[Albany River Rats]], holds the Sabre record for goals in a season: 76 in [[1992-93 NHL season|1992-93]].<ref>{{cite web|url=http://www.hockeydb.com/ihdb/stats/pdisplay.php3?pid=11135|title=Alexander Mogilny's profile|publisher=The Internet Hockey Database|accessdate=2008-01-11}}</ref>]]
[[Image:Teppo_Numminen.jpg|thumb|140px|right|[[Teppo Numminen]] was signed by the Sabres as a free agent after playing sixteen seasons with [[Winnipeg Jets|Winnipeg]], [[Phoenix Coyotes|Phoenix]], and [[Dallas Stars|Dallas]].<ref>{{cite web|url=http://www.hockeydb.com/ihdb/stats/pdisplay.php3?pid=4015|title=Teppo Numminen's profile|publisher=The Internet Hockey Database|accessdate=2008-01-11}}</ref>]]
[[Image:WaynePrimeau.jpg|thumb|140px|right|[[Wayne Primeau]], shown here playing for the [[Calgary Flames]], was part of the Sabre team which advanced to the Stanley Cup Finals in [[1998-99 NHL season|1999]].<ref>{{cite web|url=http://www.hockeydb.com/ihdb/stats/pdisplay.php3?pid=11363|title=Wayne Primeau's profile|publisher=The Internet Hockey Database|accessdate=2008-01-11}}</ref>]]
[[Image:Taylor Pyatt1.jpg|thumb|140px|right|[[Taylor Pyatt]], shown here playing for the [[Vancouver Canucks]], was acquired by the Sabres along with [[Tim Connolly]] in exchange for [[Michael Peca]].<ref>{{cite web|url=http://www.usatoday.com/sports/hockey/draft01/2001-06-24-peca.htm|title=Deals gain Islanders instant upgrade|publisher=USA Today|date=2001-06-24|accessdate=2008-01-11}}</ref>]]
[[Image:Derek Roy 2005.jpg|thumb|140px|right|[[Derek Roy]] was one of three second-round draft picks made by the Sabres in [[2001 NHL Entry Draft|2001]].<ref>{{cite web|url=http://www.hockeydb.com/ihdb/draft/nhl2001e.html|title=2001 NHL Entry Draft picks|publisher=The Internet Hockey Database|accessdate=2008-01-11}}</ref>]]
[[Image:Lindyruff 2006nhlawards.jpg|thumb|140px|right|[[Lindy Ruff]], who played for the Sabres from 1979 to 1989, has served as the team's head coach since [[1997-98 NHL season|1997]].<ref>{{cite web|url=http://www.hockeydb.com/ihdb/stats/pdisplay.php3?pid=4701|title=Lindy Ruff's profile|publisher=The Internet Hockey Database|accessdate=2008-01-11}}</ref>]]
[[Image:Thomas Vanek.jpg|thumb|140px|right|[[Thomas Vanek]] scored 43 goals for the Sabres in [[2006-07 Buffalo Sabres season|2006-07]], just his second NHL season.<ref>{{cite web|url=http://www.hockeydb.com/ihdb/stats/pdisplay.php3?pid=65958|title=Thomas Vanek's profile|publisher=The Internet Hockey Database|accessdate=2008-01-11}}</ref>]]

{{CompactTOC8|q=Q|u=U|x=X|y=Y}}

{| class="wikitable" 
|- 
!rowspan="2"|
!rowspan="2"|Nat
!rowspan="2"|Pos
!rowspan="2"|Seasons
!colspan="5" class="unsortable"|Regular Season
!colspan="5" class="unsortable"|Playoffs
!rowspan="2"|Notes
|-
!GP!!G!!A!!P!!PIM!!GP!!G!!A!!P!!PIM
|- bgcolor="#CCFFCC"
|<span id="A"/>[[Maxim Afinogenov|Afinogenov, Maxim]]||{{flagicon|RUS}}||RW||1999<U+2014>2008||465||118||168||286||378||49||10||13||23||22||
|-
|[[Peter Ambroziak|Ambroziak, Peter]]||{{flagicon|CAN}}||W||1994<U+2014>1995||12||0||1||1||0||<U+2014>||<U+2014>||<U+2014>||<U+2014>||<U+2014>||
|-
|[[Ron Anderson (ice hockey b. 1945)|Anderson, Ron]]||{{flagicon|CAN}}||RW||1970<U+2014>1972||111||14||16||30||63||<U+2014>||<U+2014>||<U+2014>||<U+2014>||<U+2014>||
|-
||[[Shawn Anderson|Anderson, Shawn]]||{{flagicon|CAN}}||D||1986<U+2014>1990||113||6||26||32||66||5||0||1||1||4||
|-
||[[Mikael Andersson (ice hockey b. 1966)|Andersson, Mikael]]||{{flagicon|SWE}}||RW||1985<U+2014>1989||99||4||33||37||18||1||1||0||1||0||
|-
||[[Paul Andrea|Andrea, Paul]]||{{flagicon|CAN}}||RW||1970<U+2014>1971||47||11||21||32||4||<U+2014>||<U+2014>||<U+2014>||<U+2014>||<U+2014>||
|-
||[[Dave Andreychuk|Andreychuk, Dave]]||{{flagicon|CAN}}||LW||1982<U+2014>1993<br>2000<U+2014>2001||837||368||436||804||596||54||13||22||35||36||
|-
||[[Scott Arniel|Arniel, Scott]]||{{flagicon|CAN}}||LW||1986<U+2014>1990||295||64||74||138||243||16||2||1||3||13||
|-
||[[Mark Astley|Astley, Mark]]||{{flagicon|CAN}}||D||1993<U+2014>1996||75||4||19||23||92||2||0||0||0||0||
|-
||[[Steve Atkinson|Atkinson, Steve]]||{{flagicon|CAN}}||RW||1970<U+2014>1974||255||49||47||96||96||1||0||0||0||0||
|-
||[[Donald Audette|Audette, Donald]]||{{flagicon|CAN}}||RW||1989<U+2014>1998<br>2000<U+2014>2001||421||166||131||297||335||61||15||23||38||36||
|-
||<span id="B"/>[[Terry Ball|Ball, Terry]]||{{flagicon|CAN}}||D||1970<U+2014>1972||12||0||1||1||6||<U+2014>||<U+2014>||<U+2014>||<U+2014>||<U+2014>||
|-
||[[Matthew Barnaby|Barnaby, Matthew]]||{{flagicon|CAN}}||RW||1992<U+2014>1999||317||47||79||126||1248||27||7||11||18||79||
|-
||[[Stu Barnes|Barnes, Stu]]||{{flagicon|CAN}}||C||1998<U+2014>2003||310||67||105||172||98||39||14||7||21||10||
|-
||[[Doug Barrie|Barrie, Doug]]||{{flagicon|CAN}}||D||1970<U+2014>1972||102||6||28||34||213||<U+2014>||<U+2014>||<U+2014>||<U+2014>||<U+2014>||
|-
||[[Milan Bartovic|Bartovic, Milan]]||{{flagicon|SVK}}||W||2002<U+2014>2004||26||2||8||10||18||<U+2014>||<U+2014>||<U+2014>||<U+2014>||<U+2014>||
|-
||[[James Black (ice hockey)|Black, James]]||{{flagicon|CAN}}||D||1993<U+2014>1994||2||0||0||0||0||<U+2014>||<U+2014>||<U+2014>||<U+2014>||<U+2014>||
|-
||[[Doug Bodger|Bodger, Doug]]||{{flagicon|CAN}}||D||1988<U+2014>1996||479||54||233||287||506||42||6||18||24||25||
|-
||[[Mike John Boland|Boland, Mike]]||{{flagicon|CAN}}||D||1978<U+2014>1979||22||1||2||3||29||3||1||0||1||2||
|-
||[[Jason Botterill|Botterill, Jason]]||{{flagicon|CAN}}||LW||2002<U+2014>2004||36||3||5||8||28||<U+2014>||<U+2014>||<U+2014>||<U+2014>||<U+2014>||
|-
||[[Philippe Boucher|Boucher, Philippe]]||{{flagicon|CAN}}||D||1992<U+2014>1995||65||7||16||23||43||7||1||1||2||2||
|-
||[[Bob Boughner|Boughner, Bob]]||{{flagicon|CAN}}||D||1995<U+2014>1998||177||2||11||13||494||25||0||5||5||24||
|-
||[[Eric Boulton|Boulton, Eric]]||{{flagicon|CAN}}||LW||2000<U+2014>2004||172||5||12||17||511||<U+2014>||<U+2014>||<U+2014>||<U+2014>||<U+2014>||
|-
||[[Ken Breitenbach|Breitenbach, Ken]]||{{flagicon|CAN}}||D||1975<U+2014>1977<br>1978<U+2014>1979||68||1||13||14||49||8||0||1||1||4||
|-
||[[Daniel Briere|Briere, Daniel]]||{{flagicon|CAN}}||C||2002<U+2014>2007||225||92||138||230||219||34||11||23||34||28||
|-
||[[Brad Brown|Brown, Brad]]||{{flagicon|CAN}}||D||2003<U+2014>2004||13||0||2||2||12||<U+2014>||<U+2014>||<U+2014>||<U+2014>||<U+2014>||
|-
||[[Curtis Brown (ice hockey)|Brown, Curtis]]||{{flagicon|CAN}}||LW||1994<U+2014>2004||542||109||143||252||288||52||14||11||25||34||
|-
||[[Greg Brown (ice hockey)|Brown, Greg]]||{{flagicon|USA}}||D||1990<U+2014>1991<br>1992<U+2014>1993||49||1||3||4||41||<U+2014>||<U+2014>||<U+2014>||<U+2014>||<U+2014>||
|-
||[[Paul Brydges|Brydges, Paul]]||{{flagicon|CAN}}||C||1986<U+2014>1987||15||2||2||4||6||<U+2014>||<U+2014>||<U+2014>||<U+2014>||<U+2014>||
|-
||[[Randy Burridge|Burridge, Randy]]||{{flagicon|CAN}}||LW||1995<U+2014>1998||159||39||60||99||50||12||5||1||6||2||
|-
||[[Ron Busniuk|Busniuk, Ron]]||{{flagicon|CAN}}||C||1972<U+2014>1974||6||0||3||3||13||<U+2014>||<U+2014>||<U+2014>||<U+2014>||<U+2014>||
|-
||[[Mike Byers|Byers, Mike]]||{{flagicon|CAN}}||RW||1971<U+2014>1972||46||9||7||16||12||<U+2014>||<U+2014>||<U+2014>||<U+2014>||<U+2014>||
|- bgcolor="#CCFFCC"
||<span id="C"/>[[Brian Campbell|Campbell, Brian]]||{{flagicon|CAN}}||D||1999<U+2014>2008||328||27||106||133||101||34||3||10||13||26||
|-
||[[Mike Card|Card, Mike]]||{{flagicon|CAN}}||D||2006<U+2014>2007||4||0||0||0||0||<U+2014>||<U+2014>||<U+2014>||<U+2014>||<U+2014>||
|-
||[[Keith Carney|Carney, Keith]]||{{flagicon|USA}}||D||1991<U+2014>1994||51||4||9||13||77||15||0||6||6||6||
|-
||[[Larry Carriere|Carriere, Larry]]||{{flagicon|CAN}}||D||1972<U+2014>1975<br>1977<U+2014>1978||207||9||43||52||284||23||0||3||3||40||
|-
||[[Peter Ciavaglia|Ciavaglia, Peter]]||{{flagicon|USA}}||C||1991<U+2014>1993||5||0||0||0||0||<U+2014>||<U+2014>||<U+2014>||<U+2014>||<U+2014>||
|-
||[[Real Cloutier|Cloutier, Real]]||{{flagicon|CAN}}||F||1983<U+2014>1985||81||24||36||60||25||2||0||0||0||0||
|-
||[[Rob Conn|Conn, Rob]]||{{flagicon|CAN}}||RW||1995<U+2014>1996||28||2||5||7||18||<U+2014>||<U+2014>||<U+2014>||<U+2014>||<U+2014>||
|- bgcolor="#CCFFCC"
||[[Tim Connolly|Connolly, Tim]]||{{flagicon|USA}}||C||2001<U+2014>2003<br>2005<U+2014>2008||227||39||87||126||96||24||5||15||20||4||
|-
||[[Bob Corkum|Corkum, Bob]]||{{flagicon|USA}}||C||1989<U+2014>1990<br>1991<U+2014>1993<br>2001<U+2014>2002||106||10||9||19||67||14||2||0||2||6||
|-
||[[Adam Creighton|Creighton, Adam]]||{{flagicon|CAN}}||C||1983<U+2014>1989||172||40||60||100||196||<U+2014>||<U+2014>||<U+2014>||<U+2014>||<U+2014>||
|-
||[[Randy Cunneyworth|Cunneyworth, Randy]]||{{flagicon|CAN}}||LW||1980<U+2014>1982<br>1998<U+2014>1999||35||4||6||10||49||3||0||0||0||0||
|-
||[[Brian Curran|Curran, Brian]]||{{flagicon|CAN}}||D||1990<U+2014>1992||20||0||1||1||57||<U+2014>||<U+2014>||<U+2014>||<U+2014>||<U+2014>||
|-
||[[Paul Cyr|Cyr, Paul]]||{{flagicon|CAN}}||F||1982<U+2014>1988||342||85||111||196||454||18||3||6||9||21||
|-
||<span id="D"/>[[Mal Davis|Davis, Mal]]||{{flagicon|CAN}}||RW||1982<U+2014>1986||89||29||22||51||34||7||1||0||1||0||
|-
||[[Jason Dawe (ice hockey)|Dawe, Jason]]||{{flagicon|CAN}}||RW||1993<U+2014>1998||290||79||79||158||132||22||4||3||7||18||
|-
||[[Butch Deadmarsh|Deadmarsh, Butch]]||{{flagicon|CAN}}||LW||1970<U+2014>1973||56||2||2||4||39||<U+2014>||<U+2014>||<U+2014>||<U+2014>||<U+2014>||
|-
||[[Dale DeGray|DeGray, Dale]]||{{flagicon|CAN}}||D||1989<U+2014>1990||6||0||0||0||6||<U+2014>||<U+2014>||<U+2014>||<U+2014>||<U+2014>||
|-
||[[Andy Delmore|Delmore, Andy]]||{{flagicon|CAN}}||D||2003<U+2014>2004||37||2||5||7||29||<U+2014>||<U+2014>||<U+2014>||<U+2014>||<U+2014>||
|-
||[[Michel Deziel|Deziel, Michel]]||{{flagicon|CAN}}||LW||1974<U+2014>1975||<U+2014>||<U+2014>||<U+2014>||<U+2014>||<U+2014>||1||0||0||0||0||
|-
||[[Gord Donnelly|Donnelly, Gord]]||{{flagicon|CAN}}||D||1991<U+2014>1994||134||5||11||16||557||6||0||1||1||0||
|-
||[[Mike Donnelly|Donnelly, Mike]]||{{flagicon|USA}}||LW||1987<U+2014>1990||74||11||16||27||62||<U+2014>||<U+2014>||<U+2014>||<U+2014>||<U+2014>||
|-
||[[Chris Drury|Drury, Chris]]||{{flagicon|USA}}||LW||2003<U+2014>2007||234||85||104||189||130||34||17||14||31||12||
|-
||[[Rick Dudley|Dudley, Rick]]||{{flagicon|CAN}}||LW||1972<U+2014>1975<br>1978<U+2014>1981||279||70||94||164||264||25||7||2||9||69||
|- bgcolor="#CFECEC"
||[[Dick Duff|Duff, Dick]]||{{flagicon|CAN}}||LW||1970<U+2014>1972||61||9||15||24||12||<U+2014>||<U+2014>||<U+2014>||<U+2014>||<U+2014>
||[[Hockey Hall of Fame|HHOF]]-2006
|-
||[[Jean-Pierre Dumont|Dumont, Jean-Pierre]]||{{flagicon|CAN}}||RW||2000<U+2014>2006||362||102||121||223||218||31||11||10||21||22||
|-
||[[Richie Dunn|Dunn, Richie]]||{{flagicon|USA}}||D||1977<U+2014>1982<br>1985<U+2014>1989||327||27||105||132||235||27||2||14||16||16||
|-
||[[Steve Dykstra|Dykstra, Steve]]||{{flagicon|CAN}}||D||1985<U+2014>1988||128||5||23||28||378||<U+2014>||<U+2014>||<U+2014>||<U+2014>||<U+2014>||
|-
||<span id="E"/>[[Jeff Eatough|Eatough, Jeff]]||{{flagicon|CAN}}||RW||1981<U+2014>1982||1||0||0||0||0||<U+2014>||<U+2014>||<U+2014>||<U+2014>||<U+2014>||
|-
||[[Brian Engblom|Engblom, Brian]]||{{flagicon|CAN}}||D||1985<U+2014>1986||30||1||4||5||16||<U+2014>||<U+2014>||<U+2014>||<U+2014>||<U+2014>||
|-
||[[Bob Errey|Errey, Bob]]||{{flagicon|CAN}}||LW||1992<U+2014>1993||8||1||3||4||4||4||0||1||1||10||
|-
||[[Chris Evans (ice hockey)|Evans, Chris]]||{{flagicon|CAN}}||D||1971<U+2014>1972||61||6||18||24||98||<U+2014>||<U+2014>||<U+2014>||<U+2014>||<U+2014>||
|-
||<span id="F"/>[[David Fenyves|Fenyves, David]]||{{flagicon|CAN}}||D||1982<U+2014>1987||148||2||27||29||87||11||0||0||0||2||
|-
||[[Mark Ferner|Ferner, Mark]]||{{flagicon|CAN}}||D||1986<U+2014>1987<br>1988<U+2014>1989||15||0||3||3||11||<U+2014>||<U+2014>||<U+2014>||<U+2014>||<U+2014>||
|-
||[[Ron Fischer|Fischer, Ron]]||{{flagicon|CAN}}||D||1981<U+2014>1983||18||0||7||7||6||<U+2014>||<U+2014>||<U+2014>||<U+2014>||<U+2014>||
|-
||[[Rory Fitzpatrick|Fitzpatrick, Rory]]||{{flagicon|USA}}||D||2001<U+2014>2006||157||9||15||24||114||11||0||4||4||16||
|-
||[[Reg Fleming|Fleming, Reg]]||{{flagicon|CAN}}||D||1970<U+2014>1971||78||6||10||16||159||<U+2014>||<U+2014>||<U+2014>||<U+2014>||<U+2014>||
|-
||[[Lee Fogolin|Fogolin, Lee]]||{{flagicon|USA}}||D||1974<U+2014>1979<br>1986<U+2014>1987||338||8||70||78||432||30||0||6||6||58||
|-
||[[Mike Foligno|Foligno, Mike]]||{{flagicon|CAN}}||F||1981<U+2014>1991||664||247||264||511||1450||39||13||11||24||143||
|-
||[[Lou Franceschetti|Franceschetti, Lou]]||{{flagicon|CAN}}||RW||1990<U+2014>1992||36||1||7||8||28||6||1||0||1||2||
|-
||[[Michael Funk|Funk, Michael]]||{{flagicon|CAN}}||D||2006<U+2014>2007||5||0||2||2||0||<U+2014>||<U+2014>||<U+2014>||<U+2014>||<U+2014>||
|-
||<span id="G"/>[[Jody Gage|Gage, Jody]]||{{flagicon|CAN}}||RW||1985<U+2014>1986<br>1987<U+2014>1988<br>1991<U+2014>1992||18||3||3||6||2||<U+2014>||<U+2014>||<U+2014>||<U+2014>||<U+2014>||
|-
||[[Garry Galley|Galley, Garry]]||{{flagicon|CAN}}||D||1994<U+2014>1997||163||15||87||102||193||17||0||9||9||18||
|-
||[[Paul Gardner (ice hockey)|Gardner, Paul]]||{{flagicon|CAN}}||C||1985<U+2014>1986||2||0||0||0||0||<U+2014>||<U+2014>||<U+2014>||<U+2014>||<U+2014>||
|- bgcolor="#CFECEC"
||[[Danny Gare|Gare, Danny]]||{{flagicon|CAN}}||F||1974<U+2014>1982||503||267||233||500||686||58||23||21||44||147||#18 retired
|- bgcolor="#CCFFCC"
||[[Paul Gaustad|Gaustad, Paul]]||{{flagicon|USA}}||C||2002<U+2014>2003<br>2005<U+2014>2008||133||18||28||46||139||25||0||5||5||16||
|- bgcolor="#CFECEC"
||[[Clark Gillies|Gillies, Clark]]||{{flagicon|CAN}}||F||1986<U+2014>1988||86||15||19||34||132||5||0||1||1||25||[[Hockey Hall of Fame|HHOF]]-2002
|-
||[[Jere Gillis|Gillis, Jere]]||{{flagicon|USA}}||F||1982<U+2014>1983||3||0||0||0||0||<U+2014>||<U+2014>||<U+2014>||<U+2014>||<U+2014>||
|-
||[[Doug Gilmour|Gilmour, Doug]]||{{flagicon|CAN}}||C||1999<U+2014>2001||82||10||45||55||82||18||2||5||7||12||
|-
||[[Viktor Gordiouk|Gordiouk, Viktor]]||{{flagicon|RUS}}||LW||1992<U+2014>93<br>1994<U+2014>1995||26||3||8||11||0||<U+2014>||<U+2014>||<U+2014>||<U+2014>||<U+2014>||
|-
||[[John Gould (ice hockey)|Gould, John]]||{{flagicon|CAN}}||LW||1971<U+2014>1974<br>1979<U+2014>1980||92||14||12||26||13||<U+2014>||<U+2014>||<U+2014>||<U+2014>||<U+2014>||
|-
||[[Phil Goyette|Goyette, Phil]]||{{flagicon|CAN}}||C||1970<U+2014>1972||97||18||67||85||20||<U+2014>||<U+2014>||<U+2014>||<U+2014>||<U+2014>||
|-
||[[Jean-Luc Grand-Pierre|Grand-Pierre, Jean-Luc]]||{{flagicon|CAN}}||D||1998<U+2014>2000||27||0||1||1||32||4||0||0||0||4||
|-
||[[Chris Gratton|Gratton, Chris]]||{{flagicon|CAN}}||C||1999<U+2014>2003||244||50||81||131||278||18||6||5||11||18||
|-
||[[Norm Gratton|Gratton, Norm]]||{{flagicon|CAN}}||RW||1972<U+2014>1975||103||15||23||38||30||6||0||1||1||2||
|-
||[[Mike Grier|Grier, Mike]]||{{flagicon|USA}}||RW||2003<U+2014>2006||95||8||24||32||32||18||3||5||8||2||
|-
||[[Michal Grosek|Grosek, Michal]]||{{flagicon|CZE}}||RW||1995<U+2014>2000||308||62||98||160||299||40||9||11||20||64||
|-
||[[Francois Guay|Guay, Francois]]||{{flagicon|CAN}}||C||1989<U+2014>1990||1||0||0||0||0||<U+2014>||<U+2014>||<U+2014>||<U+2014>||<U+2014>||
|-
||[[Jocelyn Guevremont|Guevremont, Jocelyn]]||{{flagicon|CAN}}||D||1974<U+2014>1979||324||38||130||168||189||40||4||17||21||18||
|-
||<span id="H"/>[[Richard Hajdu|Hajdu, Richard]]||{{flagicon|CAN}}||RW||1985<U+2014>1987||5||0||0||0||4||<U+2014>||<U+2014>||<U+2014>||<U+2014>||<U+2014>||
|-
||[[Bill Hajt|Hajt, Bill]]||{{flagicon|CAN}}||D||1973<U+2014>1987||854||42||202||244||433||80||2||16||18||70||
|-
||[[Bob Halkidis|Halkidis, Bob]]||{{flagicon|CAN}}||D||1984<U+2014>1989||89||2||14||16||315||8||0||0||0||41||
|-
||[[Kevin Haller|Haller, Kevin]]||{{flagicon|CAN}}||D||1989<U+2014>1992||81||7||23||30||95||6||1||4||5||10||
|-
||[[Denis Hamel|Hamel, Denis]]||{{flagicon|CAN}}||LW||1999<U+2014>2003||130||13||9||22||67||<U+2014>||<U+2014>||<U+2014>||<U+2014>||<U+2014>||
|-
||[[Gilles Hamel|Hamel, Gilles]]||{{flagicon|CAN}}||RW||1980<U+2014>1986||365||92||114||206||215||18||2||5||7||8||
|-
||[[Al Hamilton|Hamilton, Al]]||{{flagicon|CAN}}||D||1970<U+2014>1972||145||6||58||64||176||<U+2014>||<U+2014>||<U+2014>||<U+2014>||<U+2014>||
|-
||[[Dave Hannan|Hannan, Dave]]||{{flagicon|CAN}}||LW||1991<U+2014>1996||249||23||56||79||206||27||4||3||7||28||
|-
||[[Hugh Harris (ice hockey)|Harris, Hugh]]||{{flagicon|CAN}}||C||1972<U+2014>1973||60||12||26||38||17||3||0||0||0||0||
|-
||[[Mike Hartman|Hartman, Mike]]||{{flagicon|USA}}||LW||1986<U+2014>1991||225||34||26||60||890||19||0||0||0||104||
|- bgcolor="#CFECEC"
||[[Dale Hawerchuk|Hawerchuk, Dale]]||{{flagicon|CAN}}||C||1990<U+2014>1995||342||110||275||385||204||30||9||25||34||16||[[Hockey Hall of Fame|HHOF]]-2001
|-
||[[Alan Haworth|Haworth, Alan]]||{{flagicon|CAN}}||C||1980<U+2014>1982||106||37||38||75||64||10||4||5||9||4||
|- bgcolor="#CCFFCC"
||[[Jochen Hecht|Hecht, Jochen]]||{{flagicon|GER}}||C||2002<U+2014>2008||253||62||114||176||152||31||6||7||13||18||
|-
||[[Radoslav Hecl|Hecl, Radoslav]]||{{flagicon|SVK}}||D||2002<U+2014>2003||14||0||0||0||2||<U+2014>||<U+2014>||<U+2014>||<U+2014>||<U+2014>||
|-
||[[Steve Heinze|Heinze, Steve]]||{{flagicon|USA}}||RW||2000<U+2014>2001||14||5||7||12||8||13||3||4||7||10||
|-
||[[Bob Hess|Hess, Bob]]||{{flagicon|CAN}}||D||1980<U+2014>1982||33||0||8||8||14||1||1||0||1||0||
|-
||[[Randy Hillier|Hillier, Randy]]||{{flagicon|CAN}}||D||1991<U+2014>1992||28||0||1||1||48||<U+2014>||<U+2014>||<U+2014>||<U+2014>||<U+2014>||
|-
||[[Larry Hillman|Hillman, Larry]]||{{flagicon|CAN}}||D||1971<U+2014>1973||121||6||35||41||114||6||0||0||0||8||
|-
||[[Jim Hofford|Hofford, Jim]]||{{flagicon|CAN}}||D||1985<U+2014>1987||17||0||0||0||45||<U+2014>||<U+2014>||<U+2014>||<U+2014>||<U+2014>||
|-
||[[Benoit Hogue|Hogue, Benoit]]||{{flagicon|CAN}}||RW||1987<U+2014>1992||196||45||67||112||275||13||3||1||4||37||
|-
||[[Jason Holland|Holland, Jason]]||{{flagicon|CAN}}||D||1998<U+2014>2000||12||0||1||1||8||1||0||0||0||0||
|-
||[[Brian Holzinger|Holzinger, Brian]]||{{flagicon|USA}}||C||1994<U+2014>2000||352||70||97||167||202||52||11||18||29||61||
|- bgcolor="#CFECEC"
||[[Tim Horton|Horton, Tim]]||{{flagicon|CAN}}||D||1972<U+2014>1974||124||1||22||23||109||6||0||1||1||4||#2 retired<br>[[Hockey Hall of Fame|HHOF]]-1977
|-
||[[Ed Hospodar|Hospodar, Ed]]||{{flagicon|USA}}||D||1987<U+2014>1988||42||0||1||1||98||<U+2014>||<U+2014>||<U+2014>||<U+2014>||<U+2014>||
|-
||[[Doug Houda|Houda, Doug]]||{{flagicon|CAN}}||D||1994<U+2014>1996<br>1999<U+2014>2000<br>2002<U+2014>2003||68||2||5||7||134||<U+2014>||<U+2014>||<U+2014>||<U+2014>||<U+2014>||
|-
||[[Bill Houlder|Houlder, Bill]]||{{flagicon|CAN}}||D||1990<U+2014>1993||32||4||7||11||18||8||0||2||2||4||
|-
||[[Phil Housley|Housley, Phil]]||{{flagicon|USA}}||D||1982<U+2014>1990||608||178||380||558||386||35||10||17||27||22||
|-
||[[Charlie Huddy|Huddy, Charlie]]||{{flagicon|CAN}}||D||1994<U+2014>1997||85||7||9||16||95||3||0||0||0||0||
|-
||[[Brent Hughes (ice hockey b. 1966)|Hughes, Brent]]||{{flagicon|CAN}}||LW||1995<U+2014>1996||76||5||10||15||148||<U+2014>||<U+2014>||<U+2014>||<U+2014>||<U+2014>||
|-
||[[Pat Hughes (ice hockey)|Hughes, Pat]]||{{flagicon|CAN}}||F||1985<U+2014>1986||50||4||9||13||25||<U+2014>||<U+2014>||<U+2014>||<U+2014>||<U+2014>||
|-
||[[Mike Hurlbut|Hurlbut, Mike]]||{{flagicon|USA}}||D||1997<U+2014>2000||5||0||0||0||4||<U+2014>||<U+2014>||<U+2014>||<U+2014>||<U+2014>||
|-
||<span id="I"/>[[Bill Inglis|Inglis, Bill]]||{{flagicon|CAN}}||C||1970<U+2014>1971||14||0||1||1||4||<U+2014>||<U+2014>||<U+2014>||<U+2014>||<U+2014>||
|-
||<span id="J"/>[[Dane Jackson|Jackson, Dane]]||{{flagicon|CAN}}||RW||1995<U+2014>1996||22||5||4||9||41||<U+2014>||<U+2014>||<U+2014>||<U+2014>||<U+2014>||
|-
||[[Jim Jackson (ice hockey)|Jackson, Jim]]||{{flagicon|CAN}}||RW||1987<U+2014>1988||5||2||0||2||0||<U+2014>||<U+2014>||<U+2014>||<U+2014>||<U+2014>||
|-
||[[Val James|James, Val]]||{{flagicon|USA}}||LW||1981<U+2014>1982||7||0||0||0||16||3||0||0||0||0||
|-
||[[Doug Janik|Janik, Doug]]||{{flagicon|USA}}||D||2002<U+2014>2006||10||0||0||0||21||5||1||0||1||2||
|-
||[[Grant Jennings|Jennings, Grant]]||{{flagicon|CAN}}||D||1995<U+2014>1996||6||0||0||0||28||<U+2014>||<U+2014>||<U+2014>||<U+2014>||<U+2014>||
|-
||[[Jeff Jillson|Jillson, Jeff]]||{{flagicon|USA}}||D||2003<U+2014>2006||16||0||3||3||23||4||0||0||0||0||
|-
||[[Calle Johansson|Johansson, Calle]]||{{flagicon|SWE}}||D||1987<U+2014>1989||118||6||49||55||70||6||0||1||1||0||
|-
||[[Joe Juneau|Juneau, Joe]]||{{flagicon|CAN}}||C||1998<U+2014>1999||9||1||1||2||2||20||3||8||11||10||
|-
||[[Timo Jutila|Jutila, Timo]]||{{flagicon|FIN}}||D||1984<U+2014>1985||10||1||5||6||13||<U+2014>||<U+2014>||<U+2014>||<U+2014>||<U+2014>||
|-
||<span id="K"/>[[Trent Kaese|Kaese, Trent]]||{{flagicon|CAN}}||RW||1988<U+2014>1989||1||0||0||0||0||<U+2014>||<U+2014>||<U+2014>||<U+2014>||<U+2014>||
|- bgcolor="#CCFFCC"
||[[Patrick Kaleta|Kaleta, Patrick]]||{{flagicon|USA}}||F||2006<U+2014>2008||7||0||2||2||21||<U+2014>||<U+2014>||<U+2014>||<U+2014>||<U+2014>||
|- bgcolor="#CCFFCC"
||[[Dmitri Kalinin|Kalinin, Dmitri]]||{{flagicon|RUS}}||D||1999<U+2014>2008||420||33||104||137||257||37||2||7||9||20||
|-
||[[Larry Keenan|Keenan, Larry]]||{{flagicon|CAN}}||LW||1970<U+2014>1972||65||9||20||29||8||<U+2014>||<U+2014>||<U+2014>||<U+2014>||<U+2014>||
|-
||[[Dean Kennedy|Kennedy, Dean]]||{{flagicon|CAN}}||D||1989<U+2014>1991||144||6||20||26||172||8||1||2||3||29||
|-
||[[Yuri Khmylev|Khmylev, Yuri]]||{{flagicon|RUS}}||LW||1992<U+2014>1996||253||63||87||150||131||20||7||5||12||20||
|-
||[[Jerry Korab|Korab, Jerry]]||{{flagicon|CAN}}||D||1973<U+2014>1980<br>1983<U+2014>1985||537||67||216||283||870||46||7||14||21||69||
|-
||[[Jim Korn|Korn, Jim]]||{{flagicon|USA}}||D||1986<U+2014>1987||51||4||10||14||158||<U+2014>||<U+2014>||<U+2014>||<U+2014>||<U+2014>||
|- bgcolor="#CCFFCC"
||[[Ales Kotalik|Kotalik, Ales]]||{{flagicon|CZE}}||RW||2001<U+2014>2008||291||78||87||165||181||34||6||9||15||16||
|-
||[[Joe Kowal|Kowal, Joe]]||{{flagicon|CAN}}||LW||1976<U+2014>1978||22||0||5||5||13||2||0||0||0||0||
|-
||[[Vyacheslav Kozlov|Kozlov, Vyacheslav]]||{{flagicon|RUS}}||RW||2001<U+2014>2002||38||9||13||22||16||<U+2014>||<U+2014>||<U+2014>||<U+2014>||<U+2014>||
|-
||[[Skip Krake|Krake, Skip]]||{{flagicon|CAN}}||C||1970<U+2014>1971||74||4||5||9||68||<U+2014>||<U+2014>||<U+2014>||<U+2014>||<U+2014>||
|-
||[[Jaroslav Kristek|Kristek, Jaroslav]]||{{flagicon|CZE}}||RW||2002<U+2014>2003||6||0||0||0||4||<U+2014>||<U+2014>||<U+2014>||<U+2014>||<U+2014>||
|-
||[[Uwe Krupp|Krupp, Uwe]]||{{flagicon|GER}}||D||1986<U+2014>1992||327||25||78||103||386||23||1||2||3||29||
|-
||[[Paul Kruse|Kruse, Paul]]||{{flagicon|CAN}}||LW||1997<U+2014>2000||66||4||1||5||206||11||1||0||1||8||
|-
||[[Tom Kurvers|Kurvers, Tom]]||{{flagicon|USA}}||D||1986<U+2014>1987||55||6||17||23||22||<U+2014>||<U+2014>||<U+2014>||<U+2014>||<U+2014>||
|-
||<span id="L"/>[[Francois Lacombe|Lacombe, Francois]]||{{flagicon|CAN}}||D||1970<U+2014>1971||1||0||1||1||2||<U+2014>||<U+2014>||<U+2014>||<U+2014>||<U+2014>||
|-
||[[Normand Lacombe|Lacombe, Normand]]||{{flagicon|CAN}}||RW||1984<U+2014>1987||94||12||18||30||46||<U+2014>||<U+2014>||<U+2014>||<U+2014>||<U+2014>||
|- bgcolor="#CFECEC"
||[[Pat LaFontaine|LaFontaine, Pat]]||{{flagicon|USA}}||C||1991<U+2014>1997||268||158||227||385||207||19||12||15||27||6||#16 retired<br>[[Hockey Hall of Fame|HHOF]]-2003
|-
||[[Jean-Guy Lagace|Lagace, Jean-Guy]]||{{flagicon|CAN}}||D||1970<U+2014>1971||3||0||0||0||2||<U+2014>||<U+2014>||<U+2014>||<U+2014>||<U+2014>||
|-
||[[Yvon Lambert|Lambert, Yvon]]||{{flagicon|CAN}}||LW||1981<U+2014>1982||77||25||39||64||38||4||3||0||3||2||
|-
||[[Chris Langevin|Langevin, Chris]]||{{flagicon|CAN}}||F||1983<U+2014>1984<br>1985<U+2014>1986||22||3||1||4||22||<U+2014>||<U+2014>||<U+2014>||<U+2014>||<U+2014>||
|-
||[[Reed Larson|Larson, Reed]]||{{flagicon|USA}}||D||1989<U+2014>1990||1||0||0||0||0||<U+2014>||<U+2014>||<U+2014>||<U+2014>||<U+2014>||
|-
||[[Danny Lawson|Lawson, Danny]]||{{flagicon|CAN}}||RW||1971<U+2014>1972||78||10||6||16||15||<U+2014>||<U+2014>||<U+2014>||<U+2014>||<U+2014>||
|-
||[[Grant Ledyard|Ledyard, Grant]]||{{flagicon|CAN}}||D||1988<U+2014>1993||240||18||71||89||181||19||4||5||9||20||
|-
||[[Real Lemieux|Lemieux, Real]]||{{flagicon|CAN}}||RW||1973<U+2014>1974||38||1||1||2||4||<U+2014>||<U+2014>||<U+2014>||<U+2014>||<U+2014>||
|-
||[[Don Lever|Lever, Don]]||{{flagicon|CAN}}||F||1985<U+2014>1987||39||10||3||13||10||<U+2014>||<U+2014>||<U+2014>||<U+2014>||<U+2014>||
|-
||[[Darcy Loewen|Loewen, Darcy]]||{{flagicon|CAN}}||LW||1989<U+2014>1992||12||0||0||0||14||<U+2014>||<U+2014>||<U+2014>||<U+2014>||<U+2014>||
|-
||[[Bob Logan (ice hockey)|Logan, Bob]]||{{flagicon|CAN}}||F||1986<U+2014>1988||38||10||5||15||0||<U+2014>||<U+2014>||<U+2014>||<U+2014>||<U+2014>||
|-
||[[Jim Lorentz|Lorentz, Jim]]||{{flagicon|CAN}}||C||1971<U+2014>1978||485||134||197||331||126||37||11||9||20||22||
|-
||[[Don Luce|Luce, Don]]||{{flagicon|CAN}}||C||1971<U+2014>1981||766||216||310||526||304||62||17||19||36||46||
|-
||[[Jan Ludvig|Ludvig, Jan]]||{{flagicon|CZE}}||F||1987<U+2014>1989||26||1||8||9||104||<U+2014>||<U+2014>||<U+2014>||<U+2014>||<U+2014>||
|-
||[[Steve Ludzik|Ludzik, Steve]]||{{flagicon|CAN}}||F||1989<U+2014>1990||11||0||1||1||6||<U+2014>||<U+2014>||<U+2014>||<U+2014>||<U+2014>||
|- bgcolor="#CCFFCC"
||[[Toni Lydman|Lydman, Toni]]||{{flagicon|FIN}}||D||2005<U+2014>2008||142||3||33||36||137||34||3||6||9||32||
|- bgcolor="#CCFFCC"
||<span id="M"/>[[Clarke MacArthur|MacArthur, Clarke]]||{{flagicon|CAN}}||LW||2006<U+2014>2008||19||3||4||7||4||<U+2014>||<U+2014>||<U+2014>||<U+2014>||<U+2014>||
|-
||[[Doug MacDonald|MacDonald, Doug]]||{{flagicon|CAN}}||C||1992<U+2014>1995||15||1||0||1||10||<U+2014>||<U+2014>||<U+2014>||<U+2014>||<U+2014>||
|-
||[[Kevin Maguire (ice hockey)|Maguire, Kevin]]||{{flagicon|CAN}}||F||1987<U+2014>1990||167||18||25||43||518||10||0||0||0||86||
|- bgcolor="#CCFFCC"
||[[Adam Mair|Mair, Adam]]||{{flagicon|CAN}}||RW||2002<U+2014>2008||282||16||39||55||467||19||1||4||5||10||
|-
||[[Mikko Makela|Makela, Mikko]]||{{flagicon|FIN}}||LW||1990<U+2014>1991||60||15||7||22||25||<U+2014>||<U+2014>||<U+2014>||<U+2014>||<U+2014>||
|-
||[[Dave Maloney|Maloney, Dave]]||{{flagicon|CAN}}||D||1984<U+2014>1985||52||1||21||22||41||1||0||0||0||0||
|-
||[[Mark Mancari|Mancari, Mark]]||{{flagicon|CAN}}||RW||2006<U+2014>2007||3||0||1||1||2||<U+2014>||<U+2014>||<U+2014>||<U+2014>||<U+2014>||
|-
||[[Don Marshall|Marshall, Don]]||{{flagicon|CAN}}||C||1970<U+2014>1971||62||20||29||49||6||<U+2014>||<U+2014>||<U+2014>||<U+2014>||<U+2014>||
|- bgcolor="#CFECEC"
||[[Rick Martin|Martin, Rick]]||{{flagicon|CAN}}||F||1971<U+2014>1981||681||382||313||695||475||62||24||29||53||74||#7 retired
|-
||[[Terry Martin|Martin, Terry]]||{{flagicon|CAN}}||F||1975<U+2014>1979||148||20||22||42||50||11||2||2||4||10||
|-
||[[Brad May|May, Brad]]||{{flagicon|CAN}}||LW||1991<U+2014>1998||425||67||89||156||1323||36||3||8||11||59||
|-
||[[Gary McAdam|McAdam, Gary]]||{{flagicon|CAN}}||F||1975<U+2014>1979<br>1982<U+2014>1983||227||40||45||85||76||15||3||2||5||7||
|-
||[[Rob McClanahan|McClanahan, Rob]]||{{flagicon|USA}}||F||1979<U+2014>1981||66||5||17||22||38||15||0||2||2||17||
|-
||[[Dale McCourt|McCourt, Dale]]||{{flagicon|CAN}}||F||1981<U+2014>1984||119||41||57||98||22||14||5||5||10||4||
|-
||[[Brian McDonald (ice hockey)|McDonald, Brian]]||{{flagicon|CAN}}||C||1970<U+2014>1971||12||0||0||0||29||<U+2014>||<U+2014>||<U+2014>||<U+2014>||<U+2014>||
|-
||[[Paul McIntosh|McIntosh, Paul]]||{{flagicon|CAN}}||D||1974<U+2014>1976||48||0||2||2||66||2||0||0||0||7||
|-
||[[Ray McKay|McKay, Ray]]||{{flagicon|CAN}}||D||1971<U+2014>1973||40||0||3||3||18||<U+2014>||<U+2014>||<U+2014>||<U+2014>||<U+2014>||
|-
||[[Jay McKee|McKee, Jay]]||{{flagicon|CAN}}||D||1995<U+2014>2006||582||17||81||98||470||51||3||6||9||60||
|-
||[[Tony McKegney|McKegney, Tony]]||{{flagicon|CAN}}||F||1978<U+2014>1983||363||127||141||268||117||38||11||9||20||10||
|-
||[[Sean McKenna (ice hockey)|McKenna, Sean]]||{{flagicon|CAN}}||F||1981<U+2014>1986||237||56||53||109||120||8||1||1||2||2||
|-
||[[Dave McLlwain|McLlwain, Dave]]||{{flagicon|CAN}}||C||1991<U+2014>1992||5||0||0||0||2||<U+2014>||<U+2014>||<U+2014>||<U+2014>||<U+2014>||
|-
||[[Mike McMahon, Jr.|McMahon, Mike]]||{{flagicon|CAN}}||D||1970<U+2014>1971||12||0||0||0||4||<U+2014>||<U+2014>||<U+2014>||<U+2014>||<U+2014>||
|-
||[[Sean McMorrow|McMorrow, Sean]]||{{flagicon|CAN}}||RW||2002<U+2014>2003||1||0||0||0||0||<U+2014>||<U+2014>||<U+2014>||<U+2014>||<U+2014>||
|-
||[[Peter McNab|McNab, Peter]]||{{flagicon|CAN}}||F||1973<U+2014>1976||154||49||59||108||26||25||2||6||8||4||
|-
||[[Bryan McSheffrey|McSheffrey, Bryan]]||{{flagicon|CAN}}||F||1974<U+2014>1975||3||0||0||0||0||<U+2014>||<U+2014>||<U+2014>||<U+2014>||<U+2014>||
|-
||[[Donald McSween|McSween, Donald]]||{{flagicon|USA}}||D||1987<U+2014>1988<br>1989<U+2014>1990||9||0||1||1||12||<U+2014>||<U+2014>||<U+2014>||<U+2014>||<U+2014>||
|-
||[[Gerry Meehan|Meehan, Gerry]]||{{flagicon|CAN}}||LW||1970<U+2014>1975||306||94||114||208||60||6||0||1||1||0||
|-
||[[Dean Melanson|Melanson, Dean]]||{{flagicon|CAN}}||D||1994<U+2014>1995||5||0||0||0||4||<U+2014>||<U+2014>||<U+2014>||<U+2014>||<U+2014>||
|-
||[[Scott Metcalfe|Metcalfe, Scott]]||{{flagicon|CAN}}||C||1987<U+2014>1990||17||1||2||3||18||<U+2014>||<U+2014>||<U+2014>||<U+2014>||<U+2014>||
|-
||[[Larry Mickey|Mickey, Larry]]||{{flagicon|CAN}}||RW||1971<U+2014>1975||117||20||14||34||57||6||1||0||1||5||
|-
||[[Brad Miller (ice hockey)|Miller, Brad]]||{{flagicon|CAN}}||D||1988<U+2014>1992||63||1||4||5||265||<U+2014>||<U+2014>||<U+2014>||<U+2014>||<U+2014>||
|-
||[[Norm Milley|Milley, Norm]]||{{flagicon|CAN}}||RW||2001<U+2014>2004||15||0||3||3||8||<U+2014>||<U+2014>||<U+2014>||<U+2014>||<U+2014>||
|-
||[[Alexander Mogilny|Mogilny, Alexander]]||{{flagicon|RUS}}||RW||1989<U+2014>1995||381||211||233||444||203||31||14||16||30||18||
|-
||[[Mike Moller|Moller, Mike]]||{{flagicon|CAN}}||RW||1980<U+2014>1985||127||13||27||40||41||3||0||1||1||0||
|-
||[[Randy Moller|Moller, Randy]]||{{flagicon|CAN}}||D||1991<U+2014>1994||125||5||20||25||296||14||0||2||2||16||
|-
||[[Mitch Molloy|Molloy, Mitch]]||{{flagicon|CAN}}||LW||1989<U+2014>1990||2||0||0||0||10||<U+2014>||<U+2014>||<U+2014>||<U+2014>||<U+2014>||
|-
||[[Bob Mongrain|Mongrain, Bob]]||{{flagicon|CAN}}||C||1979<U+2014>1982<br>1983<U+2014>1985||70||11||11||22||12||11||1||2||3||4||
|-
||[[Barrie Moore|Moore, Barrie]]||{{flagicon|CAN}}||LW||1995<U+2014>1997||34||2||6||8||18||<U+2014>||<U+2014>||<U+2014>||<U+2014>||<U+2014>||
|-
||[[David Moravec|Moravec, David]]||{{flagicon|CZE}}||RW||1999<U+2014>2000||1||0||0||0||0||<U+2014>||<U+2014>||<U+2014>||<U+2014>||<U+2014>||
|-
||[[Craig Muni|Muni, Craig]]||{{flagicon|CAN}}||D||1993<U+2014>1996||160||2||18||20||167||12||0||1||1||6||
|-
||[[Hap Myers (ice hockey)|Myers, Hap]]||{{flagicon|CAN}}||D||1970<U+2014>1971||13||0||0||0||6||<U+2014>||<U+2014>||<U+2014>||<U+2014>||<U+2014>||
|-
||<span id="N"/>[[Mark Napier (ice hockey)|Napier, Mark]]||{{flagicon|CAN}}||RW||1986<U+2014>1989||128||26||30||56||41||9||1||3||4||0||
|-
||[[Rumun Ndur|Ndur, Rumun]]||{{flagicon|NGR}}||D||1996<U+2014>1999||11||0||0||0||20||<U+2014>||<U+2014>||<U+2014>||<U+2014>||<U+2014>||
|-
||[[Scott Nichol|Nichol, Scott]]||{{flagicon|CAN}}||C||1995<U+2014>1996<br>1997<U+2014>1998||5||0||0||0||14||<U+2014>||<U+2014>||<U+2014>||<U+2014>||<U+2014>||
|-
||[[Joe Noris|Noris, Joe]]||{{flagicon|USA}}||C||1973<U+2014>1974||18||0||0||0||2||<U+2014>||<U+2014>||<U+2014>||<U+2014>||<U+2014>||
|-
||[[Jiri Novotny (ice hockey)|Novotny, Jiri]]||{{flagicon|CZE}}||C||2005<U+2014>2007||64||8||8||16||26||4||0||0||0||0||
|-
||[[Teppo Numminen|Numminen, Teppo]]||{{flagicon|FIN}}||D||2005<U+2014>2007||154||4||65||69||68||28||1||5||6||8||
|-
||<span id="O"/>[[Kevin O'Shea|O'Shea, Kevin]]||{{flagicon|CAN}}||F||1970<U+2014>1972||93||10||13||23||52||<U+2014>||<U+2014>||<U+2014>||<U+2014>||<U+2014>||
|-
||[[Gaetano Orlando|Orlando, Gates]]||{{flagicon|CAN}}||F||1984<U+2014>1987||98||18||26||44||51||5||0||4||4||14||
|- bgcolor="#CCFFCC"
||<span id="P"/>[[Nathan Paetsch|Paetsch, Nathan]]||{{flagicon|CAN}}||D||2005<U+2014>2008||64||2||23||25||50||1||0||0||0||0||
|-
||[[Wilf Paiement|Paiement, Wilf]]||{{flagicon|CAN}}||RW||1986<U+2014>1987||56||20||17||37||108||<U+2014>||<U+2014>||<U+2014>||<U+2014>||<U+2014>||
|- bgcolor="#CCFFCC"
||[[Daniel Paille|Paille, Daniel]]||{{flagicon|CAN}}||LW||2005<U+2014>2008||43||4||10||14||20||1||0||0||0||0||
|-
||[[Jeff Parker (ice hockey)|Parker, Jeff]]||{{flagicon|USA}}||RW||1986<U+2014>1990||137||16||19||35||161||5||0||0||0||26||
|-
||[[Greg Paslawski|Paslawski, Greg]]||{{flagicon|CAN}}||RW||1990<U+2014>1991||12||2||1||3||4||<U+2014>||<U+2014>||<U+2014>||<U+2014>||<U+2014>||
|-
||[[James Patrick|Patrick, James]]||{{flagicon|CAN}}||D||1998<U+2014>2004||345||23||51||74||104||38||1||4||5||16||
|-
||[[Steve Patrick|Patrick, Steve]]||{{flagicon|CAN}}||F||1980<U+2014>1985||152||21||34||55||125||8||0||1||1||6||
|-
||[[Colin Patterson|Patterson, Colin]]||{{flagicon|CAN}}||F||1991<U+2014>1993||88||8||10||18||52||13||1||1||2||2||
|-
||[[Scott Pearson|Pearson, Scott]]||{{flagicon|CAN}}||LW||1994<U+2014>1996||41||6||1||7||87||5||0||0||0||4||
|-
||[[Michael Peca|Peca, Michael]]||{{flagicon|CAN}}||C||1995<U+2014>2000||363||96||121||217||352||49||8||13||21||38||
|- bgcolor="#CFECEC"
||[[Gilbert Perreault|Perreault, Gilbert]]||{{flagicon|CAN}}||C||1970<U+2014>1987||1191||512||814||1326||500||90||33||70||103||44||#11 retired<br>[[Hockey Hall of Fame|HHOF]]-1990
|-
||[[Brian Perry|Perry, Brian]]||{{flagicon|ENG}}||LW||1970<U+2014>1971||1||0||0||0||0||<U+2014>||<U+2014>||<U+2014>||<U+2014>||<U+2014>||
|- bgcolor="#CCFFCC"
||[[Andrew Peters|Peters, Andrew]]||{{flagicon|CAN}}||LW||2003<U+2014>2008||128||3||1||4||376||<U+2014>||<U+2014>||<U+2014>||<U+2014>||<U+2014>||
|-
||[[Brent Peterson|Peterson, Brent]]||{{flagicon|CAN}}||RW||1981<U+2014>1985||265||43||63||106||180||22||2||3||5||50||
|-
||[[Sergei Petrenko|Petrenko, Sergei]]||{{flagicon|UKR}}||LW||1993<U+2014>1994||14||0||4||4||0||<U+2014>||<U+2014>||<U+2014>||<U+2014>||<U+2014>||
|-
||[[Domenic Pittis|Pittis, Domenic]]||{{flagicon|CAN}}||C||1998<U+2014>2000<br>2003<U+2014>2004||14||1||0||1||12||<U+2014>||<U+2014>||<U+2014>||<U+2014>||<U+2014>||
|-
||[[Derek Plante|Plante, Derek]]||{{flagicon|USA}}||C||1993<U+2014>1999||395||91||145||236||126||30||5||9||14||14||
|-
||[[Larry Playfair|Playfair, Larry]]||{{flagicon|CAN}}||D||1978<U+2014>1986<br>1988<U+2014>1990||577||24||76||100||1390||40||0||6||6||97||
|- bgcolor="#CCFFCC"
||[[Jason Pominville|Pominville, Jason]]||{{flagicon|CAN}}||RW||2003<U+2014>2008||140||52||46||98||52||34||9||11||20||8||
|- bgcolor="#CCFFCC"
||[[Nolan Pratt|Pratt, Nolan]]||{{flagicon|CAN}}||D||2007<U+2014>2008
|align="center" colspan="14"|''made Sabre debut in [[2007-08 Buffalo Sabres season|2007-08 season]]''
|-
||[[Tracy Pratt|Pratt, Tracy]]||{{flagicon|USA}}||D||1970<U+2014>1974||210||2||39||41||399||6||0||0||0||6||
|-
||[[Wayne Presley|Presley, Wayne]]||{{flagicon|USA}}||RW||1991<U+2014>1995||202||48||32||80||297||27||9||5||14||42||
|-
||[[Ken Priestlay|Priestlay, Ken]]||{{flagicon|CAN}}||C||1986<U+2014>1990||117||25||25||50||59||14||0||0||0||21||
|-
||[[Wayne Primeau|Primeau, Wayne]]||{{flagicon|CAN}}||C||1994<U+2014>2000||225||19||25||44||227||42||4||7||11||18||
|-
||[[Taylor Pyatt|Pyatt, Taylor]]||{{flagicon|CAN}}||LW||2001<U+2014>2006||230||38||42||80||131||14||0||5||5||10||
|-
||<span id="R"/>[[Craig Ramsay|Ramsay, Craig]]||{{flagicon|CAN}}||F||1971<U+2014>1985||1070||252||420||672||201||89||17||31||48||27||
|-
||[[Mike Ramsey (ice hockey)|Ramsey, Mike]]||{{flagicon|USA}}||D||1979<U+2014>1993||911||73||256||329||924||72||8||18||26||158||
|-
||[[Wayne Ramsey|Ramsey, Wayne]]||{{flagicon|CAN}}||D||1977<U+2014>1978||2||0||0||0||0||<U+2014>||<U+2014>||<U+2014>||<U+2014>||<U+2014>||
|-
||[[Erik Rasmussen|Rasmussen, Erik]]||{{flagicon|USA}}||C||1997<U+2014>2002||281||33||46||79||179||27||2||5||7||22||
|-
||[[Rob Ray|Ray, Rob]]||{{flagicon|CAN}}||RW||1989<U+2014>2003||889||40||50||90||3189||55||3||2||5||169||
|-
||[[Joe Reekie|Reekie, Joe]]||{{flagicon|CAN}}||D||1985<U+2014>1989||104||3||15||18||190||2||0||0||0||4||
|-
||[[Mark Renaud|Renaud, Mark]]||{{flagicon|CAN}}||D||1983<U+2014>1984||10||1||3||4||6||<U+2014>||<U+2014>||<U+2014>||<U+2014>||<U+2014>||
|-
||[[Jacques Richard|Richard, Jacques]]||{{flagicon|CAN}}||C||1975<U+2014>1977<br>1978<U+2014>1979||155||24||38||62||73||9||1||1||2||7||
|-
||[[Bob Richer|Richer, Bob]]||{{flagicon|CAN}}||D||1972<U+2014>1973||3||0||0||0||0||<U+2014>||<U+2014>||<U+2014>||<U+2014>||<U+2014>||
|- bgcolor="#CFECEC"
||[[Rene Robert|Robert, Rene]]||{{flagicon|CAN}}||C||1971<U+2014>1979||524||222||330||552||401||47||22||17||39||71||#14 retired
|-
||[[Geordie Robertson|Robertson, Geordie]]||{{flagicon|CAN}}||C||1982<U+2014>1983||5||1||2||3||7||<U+2014>||<U+2014>||<U+2014>||<U+2014>||<U+2014>||
|-
||[[Mike Robitaille|Robitaille, Mike]]||{{flagicon|CAN}}||D||1971<U+2014>1975||170||8||46||54||122||6||0||0||0||0||
|-
||[[Doug Rombough|Rombough, Doug]]||{{flagicon|CAN}}||C||1972<U+2014>1974||51||8||9||17||27||<U+2014>||<U+2014>||<U+2014>||<U+2014>||<U+2014>||
|-
||[[Ed Ronan|Ronan, Ed]]||{{flagicon|USA}}||RW||1996<U+2014>1997||18||1||4||5||11||6||1||0||1||6||
|- bgcolor="#CCFFCC"
||[[Derek Roy|Roy, Derek]]||{{flagicon|CAN}}||C||2003<U+2014>2008||194||48||80||128||129||34||7||15||22||30||
|-
||[[Lindy Ruff|Ruff, Lindy]]||{{flagicon|CAN}}||F||1979<U+2014>1989||608||102||183||285||1126||42||11||10||21||164||
|-
||[[Phil Russell (ice hockey)|Russell, Phil]]||{{flagicon|CAN}}||D||1985<U+2014>1987||18||2||5||7||24||<U+2014>||<U+2014>||<U+2014>||<U+2014>||<U+2014>||
|-
||[[Christian Ruuttu|Ruuttu, Christian]]||{{flagicon|FIN}}||C||1986<U+2014>1992||438||101||230||331||483||29||3||8||11||45||
|- bgcolor="#CCFFCC"
||[[Michael Ryan (ice hockey)|Ryan, Michael]]||{{flagicon|USA}}||LW||2006<U+2014>2008||19||3||2||5||2||<U+2014>||<U+2014>||<U+2014>||<U+2014>||<U+2014>||
|-
||<span id="S"/>[[Geoff Sanderson|Sanderson, Geoff]]||{{flagicon|CAN}}||LW||1997<U+2014>2000||168||29||36||65||64||38||7||9||16||26||
|-
||[[Cory Sarich|Sarich, Cory]]||{{flagicon|CAN}}||D||1998<U+2014>2000||46||0||4||4||35||<U+2014>||<U+2014>||<U+2014>||<U+2014>||<U+2014>||
|-
||[[Miroslav Satan|Satan, Miroslav]]||{{flagicon|SVK}}||RW||1996<U+2014>2004||578||224||232||456||233||51||14||21||35||14||
|-
||[[Jean-Francois Sauve|Sauve, Jean-Francois]]||{{flagicon|CAN}}||C||1980<U+2014>1983||98||24||49||73||70||7||2||2||4||0||
|-
||[[Joel Savage|Savage, Joel]]||{{flagicon|CAN}}||RW||1990<U+2014>1991||3||0||1||1||0||<U+2014>||<U+2014>||<U+2014>||<U+2014>||<U+2014>||
|-
||[[Andre Savard|Savard, Andre]]||{{flagicon|CAN}}||C||1976<U+2014>1983||467||130||175||305||221||45||5||11||16||40||
|-
||[[Cliff Schmautz|Schmautz, Cliff]]||{{flagicon|CAN}}||RW||1970<U+2014>1971||26||5||7||12||10||<U+2014>||<U+2014>||<U+2014>||<U+2014>||<U+2014>||
|-
||[[Ron Schock|Schock, Ron]]||{{flagicon|CAN}}||C||1977<U+2014>1978||40||4||4||8||0||2||0||0||0||0||
|-
||[[Jim Schoenfeld|Schoenfeld, Jim]]||{{flagicon|CAN}}||D||1972<U+2014>1982<br>1984<U+2014>1985||584||45||183||228||1025||75||3||13||16||151||
|-
||[[Dave Schultz (ice hockey)|Schultz, Dave]]||{{flagicon|CAN}}||LW||1978<U+2014>1980||41||3||3||6||114||3||0||2||2||4||
|-
||[[Ric Seiling|Seiling, Ric]]||{{flagicon|CAN}}||RW||1977<U+2014>1986||664||176||200||376||524||55||14||14||28||31||
|-
||[[Jiri Sejba|Sejba, Jiri]]||{{flagicon|CZE}}||F||1990<U+2014>1991||11||0||2||2||8||<U+2014>||<U+2014>||<U+2014>||<U+2014>||<U+2014>||
|- bgcolor="#CCFFCC"
||[[Andrej Sekera|Sekera, Andrej]]||{{flagicon|SVK}}||D||2006<U+2014>2008||2||0||0||0||2||<U+2014>||<U+2014>||<U+2014>||<U+2014>||<U+2014>||
|-
||[[Anatoli Semenov|Semenov, Anatoli]]||{{flagicon|RUS}}||C||1996<U+2014>1997||25||2||4||6||2||<U+2014>||<U+2014>||<U+2014>||<U+2014>||<U+2014>||
|-
||[[Eddie Shack|Shack, Eddie]]||{{flagicon|CAN}}||F||1970<U+2014>1972||106||36||31||67||127||<U+2014>||<U+2014>||<U+2014>||<U+2014>||<U+2014>||
|-
||[[Darrin Shannon|Shannon, Darrin]]||{{flagicon|CAN}}||LW||1988<U+2014>1992||55||10||14||24||16||14||1||3||4||8||
|-
||[[Darryl Shannon|Shannon, Darryl]]||{{flagicon|CAN}}||D||1995<U+2014>1999||255||12||56||68||240||29||4||7||11||16||
|-
||[[Ray Sheppard|Sheppard, Ray]]||{{flagicon|CAN}}||RW||1987<U+2014>1990||159||64||50||114||29||7||1||2||3||2||
|-
||[[Todd Simon|Simon, Todd]]||{{flagicon|CAN}}||C||1993<U+2014>1994||15||0||1||1||0||5||1||0||1||0||
|-
||[[Craig Simpson|Simpson, Craig]]||{{flagicon|CAN}}||LW||1993<U+2014>1995||46||12||15||27||34||<U+2014>||<U+2014>||<U+2014>||<U+2014>||<U+2014>||
|-
||[[Richard Smehlik|Smehlik, Richard]]||{{flagicon|CZE}}||D||1992<U+2014>1995<br>1996<U+2014>2002||589||47||135||182||399||83||1||14||15||38||
|-
||[[Derek Smith (ice hockey)|Smith, Derek]]||{{flagicon|CAN}}||F||1975<U+2014>1982||244||65||98||163||38||30||9||14||23||13||
|-
||[[Doug Smith (ice hockey)|Smith, Doug]]||{{flagicon|CAN}}||C||1985<U+2014>1988||162||35||54||89||296||1||0||0||0||0||
|-
||[[Floyd Smith|Smith, Floyd]]||{{flagicon|CAN}}||F||1970<U+2014>1972||83||6||12||18||48||<U+2014>||<U+2014>||<U+2014>||<U+2014>||<U+2014>||
|-
||[[Steve Smith (ice hockey)|Smith, Steve]]||{{flagicon|CAN}}||D||1988<U+2014>1989||3||0||0||0||0||<U+2014>||<U+2014>||<U+2014>||<U+2014>||<U+2014>||
|-
||[[Dave Snuggerud|Snuggerud, Dave]]||{{flagicon|USA}}||RW||1989<U+2014>1992||215||26||46||72||109||12||1||3||4||6||
|- bgcolor="#CCFFCC"
||[[Jaroslav Spacek|Spacek, Jaroslav]]||{{flagicon|CZE}}||D||2006<U+2014>2008||65||5||16||21||62||16||0||0||0||10||
|-
||[[Brian Spencer|Spencer, Brian]]||{{flagicon|CAN}}||LW||1973<U+2014>1977||240||42||72||114||206||31||1||4||5||12||
|- bgcolor="#CCFFCC"
||[[Drew Stafford|Stafford, Drew]]||{{flagicon|USA}}||RW||2006<U+2014>2008||41||13||14||27||33||10||2||2||4||4||
|-
||[[Fred Stanfield|Stanfield, Fred]]||{{flagicon|CAN}}||LW||1974<U+2014>1978||248||42||73||115||16||31||2||5||7||0||
|-
||[[Bill Stewart (ice hockey)|Stewart, Bill]]||{{flagicon|CAN}}||D||1977<U+2014>1979||80||3||17||20||116||9||0||3||3||0||
|-
||[[Kai Suikkanen|Suikkanen, Kai]]||{{flagicon|FIN}}||LW||1981<U+2014>1983||2||0||0||0||0||<U+2014>||<U+2014>||<U+2014>||<U+2014>||<U+2014>||
|-
||[[Ken Sutton|Sutton, Ken]]||{{flagicon|CAN}}||D||1990<U+2014>1995||232||18||60||78||215||25||3||4||7||16||
|-
||[[Petr Svoboda|Svoboda, Petr]]||{{flagicon|CZE}}||D||1991<U+2014>1995||139||5||49||54||260||10||1||4||5||10||
|-
||[[Bob Sweeney|Sweeney, Bob]]||{{flagicon|USA}}||C||1992<U+2014>1995||185||37||44||81||230||14||2||2||4||12||
|-
||[[Dean Sylvester|Sylvester, Dean]]||{{flagicon|USA}}||RW||1998<U+2014>1999||1||0||0||0||0||4||0||0||0||2||
|-
||<span id="T"/>[[Jean-Guy Talbot|Talbot, Jean-Guy]]||{{flagicon|CAN}}||D||1970<U+2014>1971||57||0||7||7||36||<U+2014>||<U+2014>||<U+2014>||<U+2014>||<U+2014>||
|- bgcolor="#CCFFCC"
||[[Henrik Tallinder|Tallinder, Henrik]]||{{flagicon|SWE}}||D||2001<U+2014>2008||249||14||44||58||162||30||2||8||10||26||
|-
||[[Tony Tanti|Tanti, Tony]]||{{flagicon|CAN}}||LW||1990<U+2014>1992||80||16||23||39||106||12||2||3||5||12||
|-
||[[Chris Taylor (ice hockey)|Taylor, Chris]]||{{flagicon|CAN}}||C||1999<U+2014>2001<br>2002<U+2014>2004||90||8||12||20||32||2||0||0||0||2||
|-
||[[Paul Terbenche|Terbenche, Paul]]||{{flagicon|CAN}}||D||1970<U+2014>1974||121||2||19||21||20||6||0||0||0||0||
|-
||[[Scott Thomas (ice hockey)|Thomas, Scott]]||{{flagicon|USA}}||RW||1992<U+2014>1994||39||3||3||6||23||<U+2014>||<U+2014>||<U+2014>||<U+2014>||<U+2014>||
|-
||[[Chris Thorburn|Thorburn, Chris]]||{{flagicon|CAN}}||C||2005<U+2014>2006||2||0||1||1||7||<U+2014>||<U+2014>||<U+2014>||<U+2014>||<U+2014>||
|-
||[[Alec Tidey|Tidey, Alec]]||{{flagicon|CAN}}||RW||1976<U+2014>1978||4||0||0||0||0||2||0||0||0||0||
|-
||[[Morris Titanic|Titanic, Morris]]||{{flagicon|CAN}}||LW||1974<U+2014>1976||19||0||0||0||0||<U+2014>||<U+2014>||<U+2014>||<U+2014>||<U+2014>||
|-
||[[Doug Trapp|Trapp, Doug]]||{{flagicon|CAN}}||F||1986<U+2014>1987||2||0||0||0||0||<U+2014>||<U+2014>||<U+2014>||<U+2014>||<U+2014>||
|-
||[[Denis Tsygurov|Tsygurov, Denis]]||{{flagicon|RUS}}||D||1993<U+2014>1995||8||0||0||0||4||<U+2014>||<U+2014>||<U+2014>||<U+2014>||<U+2014>||
|-
||[[Vladimir Tsyplakov|Tsyplakov, Vladimir]]||{{flagicon|RUS}}||LW||1999<U+2014>2001||70||13||20||33||20||14||1||1||2||8||
|-
||[[John Tucker|Tucker, John]]||{{flagicon|CAN}}||C||1983<U+2014>1991||345||116||154||270||142||17||9||11||20||18||
|-
||[[Pierre Turgeon|Turgeon, Pierre]]||{{flagicon|CAN}}||C||1987<U+2014>1992||322||122||201||323||119||23||12||13||25||14||
|-
||<span id="V"/>[[Rick Vaive|Vaive, Rick]]||{{flagicon|CAN}}||RW||1988<U+2014>1992||189||74||62||136||226||17||7||5||12||20||
|-
||[[John Van Boxmeer|Van Boxmeer, John]]||{{flagicon|USA}}||D||1979<U+2014>1983||294||49||166||215||239||35||5||14||19||35||
|- bgcolor="#CCFFCC"
||[[Thomas Vanek|Vanek, Thomas]]||{{flagicon|AUT}}||W||2005<U+2014>2008||163||68||64||132||112||26||8||4||12||16||
|-
||[[Vaclav Varada|Varada, Vaclav]]||{{flagicon|CZE}}||LW||1995<U+2014>2003||376||46||98||144||326||54||8||12||20||48||
|-
||[[Claude Verret|Verret, Claude]]||{{flagicon|CAN}}||C||1983<U+2014>1985||14||2||5||7||2||<U+2014>||<U+2014>||<U+2014>||<U+2014>||<U+2014>||
|-
||[[Hannu Virta|Virta, Hannu]]||{{flagicon|FIN}}||D||1981<U+2014>1986||245||25||101||126||66||17||1||3||4||6||
|-
||<span id="W"/>[[Jim Walsh (ice hockey)|Walsh, Jim]]||{{flagicon|USA}}||D||1981<U+2014>1982||4||0||1||1||4||<U+2014>||<U+2014>||<U+2014>||<U+2014>||<U+2014>||
|-
||[[Dixon Ward|Ward, Dixon]]||{{flagicon|CAN}}||LW||1995<U+2014>2000||307||56||80||136||169||53||12||17||29||46||
|-
||[[Rhett Warrener|Warrener, Rhett]]||{{flagicon|CAN}}||D||1998<U+2014>2003||266||9||33||42||363||38||1||5||6||38||
|-
||[[Jim Watson (ice hockey)|Watson, Jim]]||{{flagicon|CAN}}||D||1970<U+2014>1972||144||4||15||19||248||<U+2014>||<U+2014>||<U+2014>||<U+2014>||<U+2014>||
|- bgcolor="#CCFFCC"
||[[Mike Weber|Weber, Mike]]||{{flagicon|USA}}||D||2007<U+2014>2008
|align="center" colspan="14"|''made Sabre debut in [[2007-08 Buffalo Sabres season|2007-08 season]]''
|-
||[[Jay Wells|Wells, Jay]]||{{flagicon|CAN}}||D||1989<U+2014>1992||85||3||12||15||243||7||0||1||1||12||
|-
||[[Jim Wiemer|Wiemer, Jim]]||{{flagicon|CAN}}||D||1982<U+2014>1985||74||8||17||25||52||1||0||0||0||0||
|-
||[[Mike Wilson (ice hockey)|Wilson, Mike]]||{{flagicon|CAN}}||D||1995<U+2014>1999||231||11||23||34||187||25||0||2||2||15||
|-
||[[Randy Wood (ice hockey)|Wood, Randy]]||{{flagicon|USA}}||LW||1991<U+2014>1994||236||60||57||117||213||21||3||5||8||10||
|-
||[[Jason Woolley|Woolley, Jason]]||{{flagicon|CAN}}||D||1997<U+2014>2003||365||40||125||165||258||49||7||27||34||26||
|-
||[[Randy Wyrozub|Wyrozub, Randy]]||{{flagicon|CAN}}||C||1970<U+2014>1974||100||8||10||18||10||<U+2014>||<U+2014>||<U+2014>||<U+2014>||<U+2014>||
|-
||<span id="Z"/>[[Rod Zaine|Zaine, Rod]]||{{flagicon|CAN}}||C||1971<U+2014>1972||24||2||1||3||4||<U+2014>||<U+2014>||<U+2014>||<U+2014>||<U+2014>||
|-
||[[Alexei Zhitnik|Zhitnik, Alexei]]||{{flagicon|UKR}}||D||1994<U+2014>2004||712||55||234||289||822||70||6||21||27||138||
|-
||[[Dainius Zubrus|Zubrus, Dainius]]||{{flagicon|LTU}}||RW||2006<U+2014>2007||19||4||4||8||12||15||0||8||8||8||
|}

==References==
<div class="references-small">
* {{cite web|url=http://www.hockeydb.com/ihdb/stats/ttotdisplay.php?tid=33|title=All-time roster for the Buffalo Sabres of the NHL|publisher=The Internet Hockey Database|accessdate=2008-01-11}}
</div>
<div class="references-small">
<references/></div>

{{Buffalo Sabres}}
{{List of NHL players}}

[[Category:Buffalo Sabres players|*]]
[[Category:Lists of ice hockey players]]
{{featured list}}
