The [[Vancouver Canucks]] are a [[Professional sports league organization|franchise team]] in the [[National Hockey League]] (NHL). As of [[April 29]], [[2008]], 49 [[goaltender]]s and 408 skaters ([[forward (ice hockey)|forwards]] and [[defenceman (ice hockey)|defencemen]]) have appeared in at least one regular-season and/or playoff game with the Canucks since the team joined the NHL in the inaugural [[1970<U+2013>71 NHL season|1970<U+2013>71 season]]. The 457 all-time members of the Canucks are listed below, with statistics complete through the end of the [[2007<U+2013>08 NHL season]]. It includes players that have played at least one regular season or playoff game for the Vancouver Canucks since the franchise was established in 1970.

The "Seasons" column lists the first year of the season of the player's first game and the last year of the season of the player's last game. For example, a player who played one game in the [[2000<U+2013>01 NHL season]] would be listed as playing with the team from 2000<U+2013>2001, regardless of what calendar year the game occurred within.

:''Note: This list does not include data from the Vancouver Canucks of the [[Pacific Coast Hockey League|Pacific Coast Hockey League]] or [[Western Hockey League (minor pro)|Western Hockey League]].''
__TOC__

==Key==
{{colorbox|#CCFFCC|<U+2020>}} Appeared in a Canucks game during the [[2007<U+2013>08 NHL season]]<br>

{{colorbox|#CFECEC|<nowiki>*</nowiki>}} [[Squad number#Retired numbers|Retired jersey]] or elected to the [[Hockey Hall of Fame]]
{{Col-begin}}
{{Col-break}}
{| class="wikitable" style="font-size:90%;"
|+ '''Abbreviations'''
|-
!Nat
|Nationality
|-
!GP
|Games played
|-
!Ret
|[[Squad number#Retired numbers|Retired jersey]]
|-
!HHOF
|[[Hockey Hall of Fame]] member
|}
{{Col-break}}
{| class="wikitable" style="font-size:90%;"
|+Goaltenders
|-
!W
|Wins
!OTL
|[[Overtime (ice hockey)#Overtime periods|Overtime loss]]
!GAA 
|[[Goals against average]]
|-
!L
|Losses
!SO
|[[Shutout#Ice hockey|Shutout]]
!SV%
|[[Save percentage]]
|-
!T
|Ties
!
|
!
|
|}
{{Col-break}}
{| class="wikitable" style="font-size:90%;"
|+Skaters
|-
!Pos
|[[Position (ice hockey)|Position]]
!RW
|Right wing
!A
|[[Assist (ice hockey)|Assists]]
|-
!D
|[[Defenceman (ice hockey)|Defenceman]]
!C
|[[Centre (ice hockey)|Centre]]
!P
|[[Point (ice hockey)|Points]]
|-
!LW
|[[Winger (ice hockey)|Left wing]]
!G
|[[Goal (ice hockey)|Goals]]
!PIM
|[[Penalty (ice hockey)|Penalty minutes]]
|}
{{Col-end}}

==Goaltenders==
[[Image:Dancloutier-skate.jpg|thumb|right|[[Dan Cloutier]] recorded three consecutive 30<U+2013>win seasons in his five years with the Canucks.]]
[[Image:Roberto Luongo 2007a.jpg|thumb|right|Acquired prior to the [[2006<U+2013>07 NHL season]], [[Roberto Luongo]] has played in 149 games for the Canucks in only two seasons.]]
[[Image:Curtis Sanforda.jpg|thumb|right|[[Curtis Sanford]] appeared in 16 games as Roberto Luongo's backup during the [[2007<U+2013>08 NHL season]].]]

{| class="wikitable" 
|- 
!rowspan="2"|
!rowspan="2"|Nat
!rowspan="2"|Seasons
!colspan="8"|Regular Season
!colspan="6"|Playoffs
|-
!GP!!W!!L!!T{{fn|1}}!!OTL{{fn|1}}!!SO!!GAA!!SV%!!GP!!W!!L!!SO!!GAA!!SV%
|-
|[[Alex Auld|Auld, Alex]]||{{flagicon|CAN}}||2001<U+2013>2006||81||39||31||2||6||1||2.75||.907||4||1||2||0||2.48||.892
|-
|[[Murray Bannerman|Bannerman, Murray]]||{{flagicon|CAN}}||1977<U+2013>1978||1||0||0||0||<U+2014>||0||0.00||1.000||<U+2014>||<U+2014>||<U+2014>||<U+2014>||<U+2014>||<U+2014>
|-
|[[Martin Brochu|Brochu, Martin]]||{{flagicon|CAN}}||2001<U+2013>2002||6||0||3||0||<U+2014>||0||4.17||.856||<U+2014>||<U+2014>||<U+2014>||<U+2014>||<U+2014>||<U+2014>
|-
|[[Richard Brodeur|Brodeur, Richard]]||{{flagicon|CAN}}||1980<U+2013>1988||377||126||172||62||<U+2014>||6||3.87||<U+2014>||29||12||17||1||3.28||<U+2014>
|-
|[[Gary Bromley|Bromley, Gary]]||{{flagicon|CAN}}||1978<U+2013>1981||73||25||27||14||<U+2014>||3||3.63||<U+2014>||7||2||5||0||4.17||<U+2014>
|-
|[[Bruce Bullock|Bullock, Bruce]]||{{flagicon|CAN}}||1972<U+2013>1977||16||3||9||3||<U+2014>||0||4.79||<U+2014>||<U+2014>||<U+2014>||<U+2014>||<U+2014>||<U+2014>||<U+2014>
|-
|[[Sean Burke|Burke, Sean]]||{{flagicon|CAN}}||1997<U+2013>1998||16||2||9||4||<U+2014>||0||3.51||.876||<U+2014>||<U+2014>||<U+2014>||<U+2014>||<U+2014>||<U+2014>
|-
|[[Frank Caprice|Caprice, Frank]]||{{flagicon|CAN}}||1982<U+2013>1988||102||31||47||11||<U+2014>||1||4.20||.859||<U+2014>||<U+2014>||<U+2014>||<U+2014>||<U+2014>||<U+2014>
|-
|[[Jacques Caron|Caron, Jacques]]||{{flagicon|CAN}}||1973<U+2013>1974||10||2||5||1||<U+2014>||0||4.90||<U+2014>||<U+2014>||<U+2014>||<U+2014>||<U+2014>||<U+2014>||<U+2014>
|-
|[[Dan Cloutier|Cloutier, Dan]]||{{flagicon|CAN}}||2000<U+2013>2006||208||109||68||23||1||14||2.42||.906||25||10||15||0||3.31||.872
|-
|[[Ed Dyck|Dyck, Ed]]||{{flagicon|CAN}}||1971<U+2013>1974||49||8||28||5||<U+2014>||1||4.35||<U+2014>||<U+2014>||<U+2014>||<U+2014>||<U+2014>||<U+2014>||<U+2014>
|-
|[[Ken Ellacott|Ellacott, Ken]]||{{flagicon|CAN}}||1982<U+2013>1983||12||2||3||4||<U+2014>||0||4.43||.867||<U+2014>||<U+2014>||<U+2014>||<U+2014>||<U+2014>||<U+2014>
|-
|[[Bob Essensa|Essensa Bob]]||{{flagicon|CAN}}||2000<U+2013>2001||39||18||12||3||<U+2014>||1||2.68||.892||2||0||2||0||2.95||.897
|-
|[[Mike Fountain|Fountain, Mike]]||{{flagicon|CAN}}||1996<U+2013>1997||6||2||2||0||<U+2014>||1||3.43||.896||<U+2014>||<U+2014>||<U+2014>||<U+2014>||<U+2014>||<U+2014>
|-
|[[Troy Gamble|Gamble, Troy]]||{{flagicon|CAN}}||1986<U+2013>1992||72||22||29||9||<U+2014>||1||3.61||.875||4||1||3||0||3.86||.880
|-
|[[George Gardner|Gardner, George]]||{{flagicon|CAN}}||1970<U+2013>1972||42||9||22||4||<U+2014>||0||3.84||<U+2014>||<U+2014>||<U+2014>||<U+2014>||<U+2014>||<U+2014>||<U+2014>
|-
|[[John Garrett (ice hockey)|Garrett, John]]||{{flagicon|CAN}}||1982<U+2013>1985||56||22||21||5||<U+2014>||1||4.11||.864||3||1||0||0||3.08||<U+2014>
|-
|[[Glen Hanlon|Hanlon, Glen]]||{{flagicon|CAN}}||1977<U+2013>1982||137||43||66||16||<U+2014>||5||3.56||<U+2014>||2||0||0||0||3.00||<U+2014>
|-
|[[Johan Hedberg|Hedberg, Johan]]||{{flagicon|SWE}}||2003<U+2013>2004||21||8||6||2||<U+2014>||3||2.51||.900||2||1||1||0||2.45||.922
|-
|[[Rick Heinz|Heinz, Rick]]||{{flagicon|CAN}}||1981<U+2013>1982||3||2||1||0||<U+2014>||1||3.00||<U+2014>||<U+2014>||<U+2014>||<U+2014>||<U+2014>||<U+2014>||<U+2014>
|-
|[[Corey Hirsch|Hirsch, Corey]]||{{flagicon|CAN}}||1995<U+2013>1998||101||32||42||13||<U+2014>||4||3.13||.896||6||2||3||0||3.74||.873
|-
|[[Charlie Hodge (ice hockey)|Hodge, Charlie]]||{{flagicon|CAN}}||1970<U+2013>1971||35||15||13||5||<U+2014>||0||3.42||<U+2014>||<U+2014>||<U+2014>||<U+2014>||<U+2014>||<U+2014>||<U+2014>
|-
|[[Art<U+016B>rs Irbe|Irbe, Arturs]]||{{flagicon|LAT}}||1997<U+2013>1998||41||14||11||6||<U+2014>||2||2.73||.907||<U+2014>||<U+2014>||<U+2014>||<U+2014>||<U+2014>||<U+2014>
|-
|[[Ken Lockett|Lockett, Ken]]||{{flagicon|CAN}}||1974<U+2013>1976||55||13||15||8||<U+2014>||2||3.35||<U+2014>||1||0||1||0||6.00||<U+2014>
|- bgcolor="#CCFFCC"
|[[Roberto Luongo|Luongo, Roberto]] <U+2020>||{{flagicon|CAN}}||2006<U+2013>2008||149||82||51||<U+2014>||15||11||2.33||.919||12||5||7||0||1.77||.941
|- bgcolor="#CCFFCC"
|[[Drew MacIntyre|MacIntyre, Drew]] <U+2020>||{{flagicon|CAN}}||2007<U+2013>2008||2||0||1||<U+2014>||0||0||2.95||.864||<U+2014>||<U+2014>||<U+2014>||<U+2014>||<U+2014>||<U+2014>
|-
|[[Cesare Maniago|Maniago, Cesare]]||{{flagicon|CAN}}||1976<U+2013>1978||93||27||45||17||<U+2014>||2||3.68||<U+2014>||<U+2014>||<U+2014>||<U+2014>||<U+2014>||<U+2014>||<U+2014>
|-
|[[Bob Mason|Mason, Bob]]||{{flagicon|USA}}||1990<U+2013>1991||6||2||4||0||<U+2014>||0||4.93||.846||<U+2014>||<U+2014>||<U+2014>||<U+2014>||<U+2014>||<U+2014>
|-
|[[Dave McClelland|McClelland, Dave]]||{{flagicon|CAN}}||1972<U+2013>1973||2||1||1||0||<U+2014>||0||5.00||<U+2014>||<U+2014>||<U+2014>||<U+2014>||<U+2014>||<U+2014>||<U+2014>
|-
|[[Steve McKichan|McKichan, Steve]]||{{flagicon|CAN}}||1990<U+2013>1991||1||0||0||0||<U+2014>||0||6.00||.750||<U+2014>||<U+2014>||<U+2014>||<U+2014>||<U+2014>||<U+2014>
|-
|[[Kirk McLean|McLean, Kirk]]||{{flagicon|CAN}}||1987<U+2013>1998||516||211||228||62||<U+2014>||20||3.28||.887||68||34||34||6||2.84||.907
|-
|[[Rob McVicar|McVicar, Rob]]||{{flagicon|CAN}}||2005<U+2013>2006||1||0||0||<U+2014>||0||0||0.00||1.000||<U+2014>||<U+2014>||<U+2014>||<U+2014>||<U+2014>||<U+2014>
|-
|[[Alfie Michaud|Michaud, Alfie]]||{{flagicon|CAN}}||1999<U+2013>2000||2||0||1||0||<U+2014>||0||4.35||.815||<U+2014>||<U+2014>||<U+2014>||<U+2014>||<U+2014>||<U+2014>
|-
|[[Tyler Moss|Moss, Tyler]]||{{flagicon|CAN}}||2002<U+2013>2003||1||0||0||0||<U+2014>||0||2.73||.929||<U+2014>||<U+2014>||<U+2014>||<U+2014>||<U+2014>||<U+2014>
|-
|[[Mika Noronen|Noronen, Mika]]||{{flagicon|FIN}}||2005<U+2013>2006||4||1||1||<U+2014>||0||0||3.52||.870||<U+2014>||<U+2014>||<U+2014>||<U+2014>||<U+2014>||<U+2014>
|-
|[[Maxime Ouellet|Ouellet, Maxime]]||{{flagicon|CAN}}||2005<U+2013>2006||4||0||2||<U+2014>||0||0||3.25||.894||<U+2014>||<U+2014>||<U+2014>||<U+2014>||<U+2014>||<U+2014>
|-
|[[Felix Potvin|Potvin, Felix]]||{{flagicon|CAN}}||1999<U+2013>2001||69||26||30||10||<U+2014>||1||2.84||.897||<U+2014>||<U+2014>||<U+2014>||<U+2014>||<U+2014>||<U+2014>
|-
|[[Curt Ridley|Ridley, Curt]]||{{flagicon|CAN}}||1975<U+2013>1980||96||25||44||16||<U+2014>||1||3.80||<U+2014>||2||0||2||0||4.00||<U+2014>
|-
|[[Dany Sabourin|Sabourin, Dany]]||{{flagicon|CAN}}||2006<U+2013>2007||9||2||4||<U+2014>||1||0||2.63||.906||2||0||0||0||4.28||.909
|- bgcolor="#CCFFCC"
|[[Curtis Sanford|Sanford, Curtis]] <U+2020>||{{flagicon|Canada}}||2007<U+2013>2008||16||4||3||<U+2014>||1||0||2.83||.898||<U+2014>||<U+2014>||<U+2014>||<U+2014>||<U+2014>||<U+2014>
|-
|[[Corey Schwab|Schwab, Corey]]||{{flagicon|CAN}}||1999<U+2013>2000||6||2||1||1||<U+2014>||0||3.57||.861||<U+2014>||<U+2014>||<U+2014>||<U+2014>||<U+2014>||<U+2014>
|-
|[[P<U+0113>teris Skudra|Skudra, Peter]]||{{flagicon|LAT}}||2001<U+2013>2003||46||19||13||8||<U+2014>||2||2.57||.902||2||0||1||0||3.13||.891
|-
|[[Gary Smith (ice hockey)|Smith, Gary]]||{{flagicon|CAN}}||1973<U+2013>1976||189||72||81||23||<U+2014>||11||3.32||<U+2014>||4||1||3||0||3.27||<U+2014>
|-
|[[Garth Snow|Snow, Garth]]||{{flagicon|USA}}||1997<U+2013>2000||109||33||52||11||<U+2014>||6||2.87||.901||<U+2014>||<U+2014>||<U+2014>||<U+2014>||<U+2014>||<U+2014>
|-
|[[Kevin Weekes|Weekes, Kevin]]||{{flagicon|CAN}}||1998<U+2013>2000||31||6||15||5||<U+2014>||1||3.20||.887||<U+2014>||<U+2014>||<U+2014>||<U+2014>||<U+2014>||<U+2014>
|-
|[[Steve Weeks|Weeks, Steve]]||{{flagicon|CAN}}||1987<U+2013>1991||66||19||34||11||<U+2014>||0||3.44||.885||3||1||1||0||3.43||.899
|-
|[[Kay Whitmore|Whitmore, Kay]]||{{flagicon|CAN}}||1992<U+2013>1995||74||36||28||6||<U+2014>||1||3.39||.877||1||0||0||0||6.00||.900
|-
|[[Dunc Wilson|Wilson, Dunc]]||{{flagicon|CAN}}||1970<U+2013>1973<br>1978<U+2013>1979||148||34||86||12||<U+2014>||2||3.92||<U+2014>||<U+2014>||<U+2014>||<U+2014>||<U+2014>||<U+2014>||<U+2014>
|-
|[[Wendell Young|Young, Wendell]]||{{flagicon|CAN}}||1985<U+2013>1987||30||5||15||4||<U+2014>||0||3.99||.874||1||0||1||0||5.00||.844
|}

==Skaters==
{{CompactTOC8|u=U|x=X}}
[[Image:Todd Bertuzzi.jpg|thumb|right|Over his eight seasons with the Canucks, [[Todd Bertuzzi]] became known as one of the NHL's premier [[Power forward (ice hockey)|power forwards]]<ref>{{cite news|title=Bertuzzi apologizes to Moore|url=http://www.cbc.ca/story/canada/national/2004/03/10/bertuzzi040310.html|publisher=[[Canadian Broadcasting Corporation|CBC]]|date=March 11, 2004|accessdate=2008-05-24}}</ref>, registering 449 points in 518 games.]]
[[Image:Pbure.jpg|thumb|right|[[Pavel Bure]] was one of the highest scoring Canucks of all-time in his seven seasons with the team, recording 478 points in only 428 games.]]
[[Image:Anson Carter.jpg|thumb|right|In his [[2005<U+2013>06 NHL season|only season]] with the Canucks, [[Anson Carter]] led the team with 33 goals.]]
[[Image:Brethedican.jpg|thumb|right|In his six seasons with the Canucks, [[Bret Hedican]] played in 310 games while recording 102 points.]]
[[Image:Linden3cropped1.JPG|thumb|right|Former captain [[Trevor Linden]] hold the Canucks franchise records for both career games played (1138) and career assists (415).]]
[[Image:Brendan Morrision2007b.jpg|thumb|right|[[Brendan Morrison]] currently holds the Canucks record for consectutive games played with 534.]]
[[Image:Markus Naslund.jpg|thumb|right|[[Markus N<U+00E4>slund|Markus Naslund]], Canucks captain since the [[2000<U+2013>01 NHL season]], is both the Canucks's francise leader in career goals (346) and in career points (756).]]
[[Image:Taylor Pyatt1.jpg|thumb|right|In each of his two seasons with the Canucks, [[Taylor Pyatt]] has recorded 37 points, a career high for points in a season.]]
[[Image:Jarkko Ruutu.jpg|thumb|right|[[Jarkko Ruutu]] was one of the top [[Pest (hockey)|pests]] in the NHL during his six seasons with Vancouver.]] 
[[Image:Henrik Sedin.jpg|thumb|right|The Canucks' third overall pick in the [[1999 NHL Entry Draft]], [[Henrik Sedin]] set a franchise record for assists in a season with 71 in [[2006<U+2013>07 NHL season|2006<U+2013>07]].]]
[[Image:Mike Weaver.jpg|thumb|right|[[Mike Weaver]] joined the Canucks for the [[2007<U+2013>08 NHL season]] and finished the year with one assist in his 55 games.]]

{| class="wikitable" 
|- 
!rowspan="2"|
!rowspan="2"|Nat
!rowspan="2"|Pos
!rowspan="2"|Seasons
!colspan="5" class="unsortable"|Regular Season
!colspan="5" class="unsortable"|Playoffs
!rowspan="2"|Notes
|-
!GP!!G!!A!!P!!PIM!!GP!!G!!A!!P!!PIM
|-
|<span id="A"/>[[Greg C. Adams|Adams, Greg C.]]||{{flagicon|CAN}}||LW||1988<U+2013>1989||12||4||2||6||35||7||0||0||0||21||
|-
|[[Gus Adams|Adams, Greg D.]]||{{flagicon|CAN}}||LW||1987<U+2013>1995||489||179||190||369||154||53||15||19||34||16||
|-
|[[Bruce Affleck|Affleck, Bruce]]||{{flagicon|CAN}}||D||1979<U+2013>1980||5||0||1||1||0||<U+2014>||<U+2014>||<U+2014>||<U+2014>||<U+2014>||
|-
|[[Jim Agnew|Agnew, Jim]]||{{flagicon|CAN}}||D||1986<U+2013>1992||65||0||1||1||189||4||0||0||0||6||
|-
|[[Claire Alexander|Alexander, Claire]]||{{flagicon|CAN}}||D||1977<U+2013>1978||32||8||18||26||6||<U+2014>||<U+2014>||<U+2014>||<U+2014>||<U+2014>||
|-
|[[Bryan Allen (ice hockey)|Allen, Bryan]]||{{flagicon|CAN}}||D||2000<U+2013>2006||216||14||18||32||288||7||0||0||0||6||
|-
|[[Shawn Antoski|Antoski, Shawn]]||{{flagicon|CAN}}||LW||1990<U+2013>1995||70||1||2||3||265||16||0||1||1||36||
|-
|[[John Arbour|Arbour, John]]||{{flagicon|CAN}}||D||1970<U+2013>1971||13||0||0||0||12||<U+2014>||<U+2014>||<U+2014>||<U+2014>||<U+2014>||
|-
|[[Magnus Arvedson|Arvedson, Magnus]]||{{flagicon|SWE}}||LW||2003<U+2013>2004||41||8||7||15||12||<U+2014>||<U+2014>||<U+2014>||<U+2014>||<U+2014>||
|-
|[[Brent Ashton|Ashton, Brent]]||{{flagicon|CAN}}||LW||1979<U+2013>1981||124||23||25||48||68||7||1||0||1||8||
|-
|[[Adrian Aucoin|Aucoin, Adrian]]||{{flagicon|CAN}}||D||1994<U+2013>2001||341||49||71||120||245||10||1||0||1||2||
|-
|<span id="B"/>[[Dave Babych|Babych, Dave]]||{{flagicon|CAN}}||D||1991<U+2013>1998||409||23||131||154||290||60||9||18||27||42||
|-
|[[Peter Bakovic|Bakovic, Peter]]||{{flagicon|CAN}}||LW||1987<U+2013>1988||10||2||0||2||48||<U+2014>||<U+2014>||<U+2014>||<U+2014>||<U+2014>||
|-
|[[Jozef Balej|Balej, Jozef]]||{{flagicon|SVK}}||RW||2005<U+2013>2006||1||0||1||1||0||<U+2014>||<U+2014>||<U+2014>||<U+2014>||<U+2014>||
|-
|[[Dave Balon|Balon, Dave]]||{{flagicon|CAN}}||LW||1971<U+2013>1973||116||22||21||43||43||<U+2014>||<U+2014>||<U+2014>||<U+2014>||<U+2014>||
|-
|[[Murray Baron|Baron, Murray]]||{{flagicon|CAN}}||D||1998<U+2013>2003||383||10||34||44||375||24||0||5||5||20||
|-
|[[Robin Bartell|Bartell, Robin]]||{{flagicon|CAN}}||D||1986<U+2013>1987||40||0||1||1||14||<U+2014>||<U+2014>||<U+2014>||<U+2014>||<U+2014>||
|-
|[[Nolan Baumgartner|Baumgartner, Nolan]]||{{flagicon|CAN}}||D||2002<U+2013>2003<br>2003<U+2013>2005||87||6||34||40||36||2||0||0||0||0||
|-
|[[Robin Bawa|Bawa, Robin]]||{{flagicon|CAN}}||RW||1991<U+2013>1992||2||0||0||0||0||1||0||0||0||0||
|- 
|[[Kris Beech|Beech, Kris]]||{{flagicon|CAN}}||C||2007<U+2013>2008||4||1||1||2||0||<U+2014>||<U+2014>||<U+2014>||<U+2014>||<U+2014>||
|-
|[[Jesse Belanger|Belanger, Jesse]]||{{flagicon|CAN}}||C||1995<U+2013>1996||9||3||0||3||4||3||0||2||2||2||
|-
|[[Neil Belland|Belland, Neil]]||{{flagicon|CAN}}||D||1981<U+2013>1986||106||13||31||44||54||21||2||9||11||23||
|-
|[[Jim Benning|Benning, Jim]]||{{flagicon|CAN}}||D||1986<U+2013>1990||241||15||55||70||172||3||0||0||0||0||
|-
|[[Josef Beranek|Beranek, Josef]]||{{flagicon|CZE}}||C||1994<U+2013>1996||98||14||27||41||88||14||3||2||5||12||
|-
|[[Drake Berehowsky|Berehowsky, Drake]]||{{flagicon|CAN}}||D||2000<U+2013>2002||39||2||3||5||39||4||0||0||0||12||
|-
|[[Marc Bergevin|Bergevin, Marc]]||{{flagicon|CAN}}||D||2003<U+2013>2004||9||0||2||2||2||3||0||0||0||2||
|-
|[[Ken Berry (ice hockey)|Berry, Ken]]||{{flagicon|CAN}}|| ||1987<U+2013>1989||27||4||4||8||11||<U+2014>||<U+2014>||<U+2014>||<U+2014>||<U+2014>||
|-
|[[Todd Bertuzzi|Bertuzzi, Todd]]||{{flagicon|CAN}}||RW||1997<U+2013>2006||518||188||261||449||822||24||6||8||14||82||
|- bgcolor="#CCFFCC"
|[[Kevin Bieksa|Bieksa, Kevin]] <U+2020>||{{flagicon|CAN}}||D||2005<U+2013>2008||154||14||46||60||301||9||0||0||0||20||
|-
|[[Rick Blight|Blight, Rick]]||{{flagicon|CAN}}||RW||1975<U+2013>1981||324||96||125||221||168||5||0||5||5||2||
|-
|[[Ken Block (ice hockey)|Block, Ken]]||{{flagicon|CAN}}||D||1970<U+2013>1971||1||0||0||0||0||<U+2014>||<U+2014>||<U+2014>||<U+2014>||<U+2014>||
|-
|[[Gregg Boddy|Boddy, Gregg]]||{{flagicon|CAN}}||D||1971<U+2013>1976||273||23||44||67||263||12||0||2||2||19||
|-
|[[Doug Bodger|Bodger, Doug]]||{{flagicon|CAN}}||D||1999<U+2013>2000||13||0||1||1||4||<U+2014>||<U+2014>||<U+2014>||<U+2014>||<U+2014>||
|-
|[[Lonny Bohonos|Bohonos, Lonny]]||{{flagicon|CAN}}||RW||1995<U+2013>1998||70||13||13||26||14||<U+2014>||<U+2014>||<U+2014>||<U+2014>||<U+2014>||
|-
|[[Ivan Boldirev|Boldirev, Ivan]]||{{flagicon|SER}}||C||1979<U+2013>1983||216||80||104||184||105||22||9||6||15||4||
|-
|[[Larry Bolonchuk|Bolonchuk, Larry]]||{{flagicon|CAN}}||D||1972<U+2013>1973||15||0||0||0||6||<U+2014>||<U+2014>||<U+2014>||<U+2014>||<U+2014>||
|-
|[[Ryan Bonni|Bonni, Ryan]]||{{flagicon|CAN}}||D||1999<U+2013>2000||3||0||0||0||0||<U+2014>||<U+2014>||<U+2014>||<U+2014>||<U+2014>||
|-
|[[Paulin Bordeleau|Bordeleau, Paulin]]||{{flagicon|CAN}}||C||1973<U+2013>1976||183||33||56||89||47||5|||2||1||3||0||
|-
|[[Tyler Bouck|Bouck, Tyler]]||{{flagicon|CAN}}||RW||2003<U+2013>2007||36||2||3||5||60||1||0||0||0||0||
|-
|[[Andre Boudrias|Boudrias, Andre]]||{{flagicon|CAN}}||C||1970<U+2013>1976||458||121||267||388||140||6||1||0||1||0||Captain, 1975<U+2013>1976
|- bgcolor="#CCFFCC"
|[[Luc Bourdon|Bourdon, Luc]] <U+2020>||{{flagicon|CAN}}||D||2006<U+2013>2008||36||2||0||2||24||<U+2014>||<U+2014>||<U+2014>||<U+2014>||<U+2014>||
|-
|[[Randy Boyd|Boyd, Randy]]||{{flagicon|CAN}}||D||1987<U+2013>1989||62||7||17||24||64||<U+2014>||<U+2014>||<U+2014>||<U+2014>||<U+2014>||
|-
|[[Steve Bozek|Bozek, Steve]]||{{flagicon|CAN}}||LW||1988<U+2013>1991||191||46||44||90||118||10||0||2||2||4||
|-
|[[Brian Bradley|Bradley, Brian]]||{{flagicon|CAN}}||C||1987<U+2013>1991||193||51||81||132||155||7||3||4||7||10||
|-
|[[Per-Olov Brasar|Brasar, Per-Olov]]||{{flagicon|SWE}}||LW||1979<U+2013>1982||181||37||63||100||21||13||1||2||3||0||
|-
|[[Donald Brashear|Brashear, Donald]]||{{flagicon|USA}}||LW||1996<U+2013>2002||388||50||53||103||1159||4||0||0||0||0||
|-
|[[Mel Bridgman|Bridgman, Mel]]||{{flagicon|CAN}}||C||1988<U+2013>1989||15||4||3||7||10||7||1||2||3||10||
|-
|[[Wade Brookbank|Brookbank, Wade]]||{{flagicon|CAN}}||D||2003<U+2013>2006||52||3||2||5||176||<U+2014>||<U+2014>||<U+2014>||<U+2014>||<U+2014>||
|-
|[[Cam Brown|Brown, Cam]]||{{flagicon|CAN}}||LW||1990<U+2013>1991||1||0||0||0||7||<U+2014>||<U+2014>||<U+2014>||<U+2014>||<U+2014>||
|-
|[[Jeff Brown|Brown, Jeff]]||{{flagicon|CAN}}||D||1993<U+2013>1996||72||10||44||54||44||29||7||12||19||39||
|-
|[[Mike Brown (ice hockey b. 1979)|Brown, Mike]]||{{flagicon|CAN}}|| ||2000<U+2013>2002||16||0||0||0||77||<U+2014>||<U+2014>||<U+2014>||<U+2014>||<U+2014>||
|- bgcolor="#CCFFCC"
|[[Mike Brown (ice hockey)|Brown, Mike]] <U+2020>||{{flagicon|USA}}||RW||2007<U+2013>2008||19||1||0||1||55||<U+2014>||<U+2014>||<U+2014>||<U+2014>||<U+2014>||
|-
|[[Sean Brown|Brown, Sean]]||{{flagicon|CAN}}||D||2005<U+2013>2006||12||0||0||0||8||<U+2014>||<U+2014>||<U+2014>||<U+2014>||<U+2014>||
|-
|[[David Bruce (ice hockey)|Bruce, David]]||{{flagicon|CAN}}||LW||1985<U+2013>1989||143||23||18||41||245||1||0||0||0||0||
|-
|[[Ji<U+0159><U+00ED> Bubla|Bubla, Jiri]]||{{flagicon|CZE}}||D||1981<U+2013>1986||256||17||101||118||202||6||0||0||0||7||
|-
|[[Jan Bulis|Bulis, Jan]]||{{flagicon|CZE}}||C||2006<U+2013>2007||79||12||11||23||70||12||1||1||2||2||
|-
|[[Pavel Bure|Bure, Pavel]]||{{flagicon|RUS}}||RW||1991<U+2013>1998||428||254||224||478||328||60||34||32||66||72||[[Calder Memorial Trophy|Calder Trophy]] <U+2014> [[1991<U+2013>92 NHL season|1992]]
|- bgcolor="#CCFFCC"
|[[Alexandre Burrows|Burrows, Alexandre]] <U+2020>||{{flagicon|CAN}}||LW||2005<U+2013>2008||206||22||30||52||333||11||1||0||1||14||
|-
|[[Rod Buskas|Buskas, Rod]]||{{flagicon|CAN}}||D||1989<U+2013>1990||17||0||3||3||36||<U+2014>||<U+2014>||<U+2014>||<U+2014>||<U+2014>||
|-
|[[Garth Butcher|Butcher, Garth]]||{{flagicon|CAN}}||D||1981<U+2013>1991||610||33||107||140||1668||14||2||1||3||24||
|-
|[[Sven Butensch<U+00F6>n|Butenschon, Sven]]||{{flagicon|GER}}||D||2005<U+2013>2006||8||0||0||0||10||<U+2014>||<U+2014>||<U+2014>||<U+2014>||<U+2014>||
|-
|[[Jerry Butler (ice hockey)|Butler, Jerry]]||{{flagicon|CAN}}|| ||1979<U+2013>1982||128||19||20||39||96||7||1||0||1||2||
|-
|<span id="C"/>[[Drew Callander|Callander, Drew]]||{{flagicon|CAN}}||C||1978<U+2013>1980||21||3||1||4||2||<U+2014>||<U+2014>||<U+2014>||<U+2014>||<U+2014>||
|-
|[[Colin Campbell (ice hockey)|Campbell, Colin]]||{{flagicon|CAN}}||D||1980<U+2013>1982||89||1||16||17||206||19||2||3||5||98||
|-
|[[Dave Capuano|Capuano, Dave]]||{{flagicon|USA}}||LW||1989<U+2013>1991||88||16||36||52||52||6||1||1||2||5||
|-
|[[Jack Capuano|Capuano, Jack]]||{{flagicon|USA}}||D||1990<U+2013>1991||3||0||0||0||0||<U+2014>||<U+2014>||<U+2014>||<U+2014>||<U+2014>||
|-
|[[Keith Carney|Carney, Keith]]||{{flagicon|USA}}||D||2005<U+2013>2006||18||0||2||2||14||<U+2014>||<U+2014>||<U+2014>||<U+2014>||<U+2014>||
|-
|[[Larry Carriere|Carriere, Larry]]||{{flagicon|CAN}}||D||1976<U+2013>1978||56||1||12||13||66||<U+2014>||<U+2014>||<U+2014>||<U+2014>||<U+2014>||
|-
|[[Jimmy Carson|Carson, Jimmy]]||{{flagicon|USA}}||C||1993<U+2013>1994||34||7||10||17||22||2||0||1||1||0||
|-
|[[Anson Carter|Carter, Anson]]||{{flagicon|CAN}}||RW||2005<U+2013>2006||81||33||22||55||41||<U+2014>||<U+2014>||<U+2014>||<U+2014>||<U+2014>||
|-
|[[Andrew Cassels|Cassels, Andrew]]||{{flagicon|CAN}}||C||1999<U+2013>2002||198||40||128||168||48||6||2||1||3||0||
|-
|[[Jose Charbonneau|Charbonneau, Jose]]||{{flagicon|CAN}}||RW||1988<U+2013>1995||46||8||8||16||55||3||1||0||1||4||
|-
|[[Marc Chouinard|Chouinard, Marc]]||{{flagicon|CAN}}||C||2006<U+2013>2007||42||2||2||4||10||<U+2014>||<U+2014>||<U+2014>||<U+2014>||<U+2014>||
|-
|[[Mike Christie (ice hockey)|Christie, Mike]]||{{flagicon|USA}}||D||1980<U+2013>1981||9||1||1||2||0||<U+2014>||<U+2014>||<U+2014>||<U+2014>||<U+2014>||
|-
|[[Artem Chubarov|Chubarov, Artem]]||{{flagicon|RUS}}||C||1999<U+2013>2004||228||25||33||58||40||27||0||4||4||4||
|-
|[[Enrico Ciccone|Ciccone, Enrico]]||{{flagicon|CAN}}||D||1997<U+2013>1998||13||0||1||1||47||<U+2014>||<U+2014>||<U+2014>||<U+2014>||<U+2014>||
|-
|[[Glen Cochrane|Cochrane, Glen]]||{{flagicon|CAN}}||D||1985<U+2013>1987||63||0||3||3||177||2||0||0||0||5||
|-
|[[Wayne Connelly|Connelly, Wayne]]||{{flagicon|CAN}}||RW||1971<U+2013>1972||53||14||20||34||12||<U+2014>||<U+2014>||<U+2014>||<U+2014>||<U+2014>||
|-
|[[Brandon Convery|Convery, Brandon]]||{{flagicon|CAN}}||C||1997<U+2013>1999||19||2||9||11||8||<U+2014>||<U+2014>||<U+2014>||<U+2014>||<U+2014>||
|-
|[[Bob Cook|Cook, Bob]]||{{flagicon|CAN}}||RW||1970<U+2013>1971||2||0||0||0||0||<U+2014>||<U+2014>||<U+2014>||<U+2014>||<U+2014>||
|- 
|[[Matt Cooke|Cooke, Matt]]||{{flagicon|CAN}}||LW||1998<U+2013>2008||566||83||120||203||625||32||8||4||12||30||
|-
|[[Mike Corrigan|Corrigan, Mike]]||{{flagicon|CAN}}||LW||1970<U+2013>1972||95||24||32||56||130||<U+2014>||<U+2014>||<U+2014>||<U+2014>||<U+2014>||
|-
|[[Patrick Coulombe|Coulombe, Patrick]]||{{flagicon|CAN}}||D||2006<U+2013>2008||7||0||1||1||4||<U+2014>||<U+2014>||<U+2014>||<U+2014>||<U+2014>||
|-
|[[Geoff Courtnall|Courtnall, Geoff]]||{{flagicon|CAN}}||LW||1990<U+2013>1995||292||102||144||246||495||65||26||35||61||121||
|-
|[[Russ Courtnall|Courtnall, Russ]]||{{flagicon|CAN}}||RW||1994<U+2013>1997||141||39||72||111||68||17||5||11||16||23||
|-
|[[Larry Courville|Courville, Larry]]||{{flagicon|CAN}}||LW||1995<U+2013>1998||33||1||2||3||16||<U+2014>||<U+2014>||<U+2014>||<U+2014>||<U+2014>||
|- bgcolor="#CCFFCC"
|[[Jeff Cowan|Cowan, Jeff]] <U+2020>||{{flagicon|CAN}}||LW||2006<U+2013>2008||88||7||4||11||203||10||2||0||2||2||
|-
|[[Craig Coxe|Coxe, Craig]]||{{flagicon|USA}}||C||1984<U+2013>1988<br>1989<U+2013>1991||177||10||21||31||535||3||0||0||0||2||
|-
|[[Murray Craven|Craven, Murray]]||{{flagicon|CAN}}||LW||1992<U+2013>1994||88||15||50||65||42||34||8||15||23||22||
|-
|[[Marc Crawford|Crawford, Marc]]||{{flagicon|CAN}}||LW||1981<U+2013>1987||176||19||31||50||229||20||1||2||3||44||
|-
|[[Troy Crowder|Crowder, Troy]]||{{flagicon|CAN}}||RW||1996<U+2013>1997||30||1||2||3||52||<U+2014>||<U+2014>||<U+2014>||<U+2014>||<U+2014>||
|-
|[[Ray Cullen|Cullen, Ray]]||{{flagicon|CAN}}||C||1970<U+2013>1971||70||12||21||33||42||<U+2014>||<U+2014>||<U+2014>||<U+2014>||<U+2014>||
|-
|[[Jassen Cullimore|Cullimore, Jassen]]||{{flagicon|CAN}}||D||1994<U+2013>1997||64||2||3||5||62||11||0||0||0||12||
|-
|[[Tony Currie (ice hockey)|Currie, Tony]]||{{flagicon|CAN}}||RW||1981<U+2013>1984||38||9||7||16||4||3||0||0||0||10||
|-
|<span id="D"/>[[J. J. Daigneault|Daigneault, J.J.]]||{{flagicon|CAN}}||D||1984<U+2013>1986||131||9||46||55||114||3||0||2||2||0||
|-
|[[Bob Dailey|Dailey, Bob]]||{{flagicon|CAN}}||D||1973<U+2013>1977||257||38||93||131||417||7||2||4||6||14||
|-
|[[Ron Delorme|Delorme, Ron]]||{{flagicon|CAN}}||RW||1981<U+2013>1985||210||17||20||37||383||23||1||2||3||49||
|-
|[[Ab DeMarco, Jr.|DeMarco Jr., Ab]]||{{flagicon|USA}}||D||1974<U+2013>1976||95||13||22||35||23||2||0||0||0||0||
|-
|[[Bill Derlago|Derlago, Bill]]||{{flagicon|CAN}}||C||1978<U+2013>1980||63||15||19||34||29||<U+2014>||<U+2014>||<U+2014>||<U+2014>||<U+2014>||
|-
|[[Gerald Diduck|Diduck, Gerald]]||{{flagicon|CAN}}||D||1990<U+2013>1995||265||17||55||72||553||47||6||9||15||55||
|-
|[[Robert Dirk|Dirk, Robert]]||{{flagicon|CAN}}||D||1990<U+2013>1994||217||9||18||27||401||28||0||0||0||39||
|-
|[[Gary Doak|Doak, Gary]]||{{flagicon|CAN}}||D||1970<U+2013>1972||82||2||11||13||135||<U+2014>||<U+2014>||<U+2014>||<U+2014>||<U+2014>||
|-
|[[Jim Dowd (ice hockey)|Dowd, Jim]]||{{flagicon|USA}}||C||1995<U+2013>1996||38||1||6||7||6||1||0||0||0||0||
|-
|[[Harold Druken|Druken, Harold]]||{{flagicon|CAN}}||C||1999<U+2013>2003||118||27||29||56||30||4||0||1||1||0||
|-
|[[Dale Dunbar|Dunbar, Dale]]||{{flagicon|USA}}||D||1985<U+2013>1986||1||0||0||0||2||<U+2014>||<U+2014>||<U+2014>||<U+2014>||<U+2014>||
|-
|[[Dave Dunn|Dunn, Dave]]||{{flagicon|CAN}}||D||1973<U+2013>1975||69||11||22||33||87||<U+2014>||<U+2014>||<U+2014>||<U+2014>||<U+2014>||
|- bgcolor="#CCFFCC"
|<span id="E"/>[[Alexander Edler|Edler, Alexander]] <U+2020>||{{flagicon|SWE}}||D||2006<U+2013>2008||97||9||14||23||48||3||0||0||0||2||
|-
|[[Neil Eisenhut|Eisenhut, Neil]]||{{flagicon|CAN}}||C||1993<U+2013>1994||13||1||3||4||21||<U+2014>||<U+2014>||<U+2014>||<U+2014>||<U+2014>||
|-
|[[Anders Eldebrink|Eldebrink, Anders]]||{{flagicon|SWE}}||D||1981<U+2013>1983||43||2||9||11||21||13||0||0||0||10||
|-
|[[Roland Eriksson|Eriksson, Roland]]||{{flagicon|SWE}}||C||1978<U+2013>1979||35||2||12||14||4||<U+2014>||<U+2014>||<U+2014>||<U+2014>||<U+2014>||
|-
|<span id="F"/>[[Fedor Fedorov (ice hockey)|Fedorov, Fedor]]||{{flagicon|RUS}}||C||2002<U+2013>2004||15||0||2||2||8||<U+2014>||<U+2014>||<U+2014>||<U+2014>||<U+2014>||
|-
|[[Tom Fergus|Fergus, Tom]]||{{flagicon|USA}}||C||1991<U+2013>1993||80||19||29||48||37||13||5||3||8||6||
|- bgcolor="#CCFFCC"
|[[Zack Fitzgerald|Fitzgerald, Zack]] <U+2020>||{{flagicon|USA}}||D||2007<U+2013>2008||1||0||0||0||0||<U+2014>||<U+2014>||<U+2014>||<U+2014>||<U+2014>||
|-
|[[Rory Fitzpatrick|Fitzpatrick, Rory]]||{{flagicon|USA}}||D||2006<U+2013>2007||58||1||6||7||46||3||0||0||0||6||
|-
|[[Rob Flockhart|Flockhart, Rob]]||{{flagicon|CAN}}||LW||1976<U+2013>1979||43||1||2||3||12||<U+2014>||<U+2014>||<U+2014>||<U+2014>||<U+2014>||
|-
|[[Peter Folco|Folco, Peter]]||{{flagicon|CAN}}||D||1973<U+2013>1974||2||0||0||0||0||<U+2014>||<U+2014>||<U+2014>||<U+2014>||<U+2014>||
|-
|[[Dave Fortier|Fortier, Dave]]||{{flagicon|CAN}}||D||1976<U+2013>1977||58||1||3||4||125||<U+2014>||<U+2014>||<U+2014>||<U+2014>||<U+2014>||
|-
|[[Curt Fraser|Fraser, Curt]]||{{flagicon|USA}}||LW||1978<U+2013>1983||348||92||114||206||651||27||4||9||13||108||
|-
|<span id="G"/>[[Dave Gagner|Gagner, Dave]]||{{flagicon|CAN}}||C||1998<U+2013>1999||33||2||12||14||24||<U+2014>||<U+2014>||<U+2014>||<U+2014>||<U+2014>||
|-
|[[Brad Gassoff|Gassoff, Brad]]||{{flagicon|CAN}}||LW||1975<U+2013>1979||122||19||17||36||163||3||0||0||0||0||
|-
|[[Martin Gelinas|Gelinas, Martin]]||{{flagicon|CAN}}||LW||1993<U+2013>1998||258||90||81||171||173||33||6||6||12||26||
|-
|[[Don Gibson (ice hockey)|Gibson, Don]]||{{flagicon|CAN}}||D||1990<U+2013>1991||14||0||3||3||20||<U+2014>||<U+2014>||<U+2014>||<U+2014>||<U+2014>||
|-
|[[Jere Gillis|Gillis, Jere]]||{{flagicon|USA}}||LW||1977<U+2013>1981<br>1983<U+2013>1985||309||63||75||138||210||5||2||2||4||0||
|-
|[[Danny Gloor|Gloor, Danny]]||{{flagicon|CAN}}||C||1973<U+2013>1974||2||0||0||0||0||<U+2014>||<U+2014>||<U+2014>||<U+2014>||<U+2014>||
|-
|[[Brian Glynn (ice hockey)|Glynn, Brian]]||{{flagicon|GER}}||D||1993<U+2013>1994||16||0||0||0||12||17||0||3||3||10||
|-
|[[Larry Goodenough|Goodenough, Larry]]||{{flagicon|CAN}}||D||1976<U+2013>1980||113||7||21||28||75||1||0||0||0||2||
|-
|[[Robb Gordon|Gordon, Robb]]||{{flagicon|CAN}}||C||1998<U+2013>1999||4||0||0||0||2||<U+2014>||<U+2014>||<U+2014>||<U+2014>||<U+2014>||
|-
|[[Lee Goren|Goren, Lee]]||{{flagicon|CAN}}||RW||2005<U+2013>2007||30||1||2||3||30||<U+2014>||<U+2014>||<U+2014>||<U+2014>||<U+2014>||
|-
|[[John Gould (ice hockey)|Gould, John]]||{{flagicon|CAN}}||LW||1973<U+2013>1977||218||82||76||158||53||7||3||2||5||0||
|-
|[[Larry Gould (ice hockey)|Gould, Larry]]||{{flagicon|CAN}}||LW||1973<U+2013>1974||2||0||0||0||0||<U+2014>||<U+2014>||<U+2014>||<U+2014>||<U+2014>||
|-
|[[Thomas Gradin|Gradin, Thomas]]||{{flagicon|SWE}}||C||1978<U+2013>1986||613||197||353||550||280||38||17||21||38||20||
|-
|[[Hilliard Graves|Graves, Hilliard]]||{{flagicon|CAN}}||RW||1976<U+2013>1979||196||42||61||103||49||<U+2014>||<U+2014>||<U+2014>||<U+2014>||<U+2014>||
|-
|[[Josh Green|Green, Josh]]||{{flagicon|CAN}}||LW||2005<U+2013>2007||90||6||7||13||39||9||0||1||1||12||
|-
|[[Randy Gregg (ice hockey)|Gregg, Randy]]||{{flagicon|CAN}}||D||1991<U+2013>1992||21||1||4||5||24||7||0||1||1||8||
|-
|[[Martin Grenier|Grenier, Martin]]||{{flagicon|CAN}}||D||2003<U+2013>2004||7||1||0||1||9||<U+2014>||<U+2014>||<U+2014>||<U+2014>||<U+2014>||
|-
|[[John Grisdale|Grisdale, John]]||{{flagicon|CAN}}||D||1974<U+2013>1979||199||3||32||35||266||10||0||1||1||15||
|-
|[[Jocelyn Guevremont|Guevremont, Jocelyn]]||{{flagicon|CAN}}||D||1971<U+2013>1975||227||44||88||132||124||<U+2014>||<U+2014>||<U+2014>||<U+2014>||<U+2014>||
|-
|[[Kevan Guy|Guy, Kevan]]||{{flagicon|CAN}}||D||1988<U+2013>1991||114||5||13||18||105||1||0||0||0||0||
|-
|<span id="H"/>[[Murray Hall|Hall, Murray]]||{{flagicon|CAN}}||RW||1970<U+2013>1972||109||27||44||71||28||<U+2014>||<U+2014>||<U+2014>||<U+2014>||<U+2014>||
|-
|[[Taylor Hall (ice hockey)|Hall, Taylor]]||{{flagicon|CAN}}||RW||1983<U+2013>1987||34||7||9||16||25||<U+2014>||<U+2014>||<U+2014>||<U+2014>||<U+2014>||
|-
|[[Doug Halward|Halward, Doug]]||{{flagicon|CAN}}||D||1980<U+2013>1987||324||45||118||163||389||26||6||5||11||71||
|-
|[[Ken Hammond (ice hockey)|Hammond, Ken]]||{{flagicon|CAN}}||D||1991<U+2013>1992||<U+2014>||<U+2014>||<U+2014>||<U+2014>||<U+2014>||2||0||0||0||6||
|- bgcolor="#CCFFCC"
|[[Jannik Hansen|Hansen, Jannik]] <U+2020>||{{flagicon|DEN}}||LW||2007<U+2013>2008||5||0||0||0||2||10||0||1||1||4||
|-
|[[Jim Hargreaves|Hargreaves, Jim]]||{{flagicon|CAN}}||D||1970<U+2013>1973||66||1||7||8||105||<U+2014>||<U+2014>||<U+2014>||<U+2014>||<U+2014>||
|-
|[[Ed Hatoum|Hatoum, Ed]]||{{flagicon|LIB}}||RW||1970<U+2013>1971||26||1||3||4||21||<U+2014>||<U+2014>||<U+2014>||<U+2014>||<U+2014>||
|-
|[[Greg Hawgood|Hawgood, Greg]]||{{flagicon|CAN}}||D||1999<U+2013>2001||95||7||22||29||32||<U+2014>||<U+2014>||<U+2014>||<U+2014>||<U+2014>||
|-
|[[Todd Hawkins|Hawkins, Todd]]||{{flagicon|CAN}}||LW||1988<U+2013>1990||8||0||0||0||15||<U+2014>||<U+2014>||<U+2014>||<U+2014>||<U+2014>||
|-
|[[Steve Hazlett|Hazlett, Steve]]||{{flagicon|CAN}}||LW||1979<U+2013>1980||1||0||0||0||0||<U+2014>||<U+2014>||<U+2014>||<U+2014>||<U+2014>||
|-
|[[Bret Hedican|Hedican, Bret]]||{{flagicon|USA}}||D||1993<U+2013>1999||310||17||85||102||281||41||1||9||10||32||
|-
|[[Bryan Helmer|Helmer, Bryan]]||{{flagicon|CAN}}||D||2000<U+2013>2003||62||7||9||16||71||6||0||0||0||0||
|-
|[[Darby Hendrickson|Hendrickson, Darby]]||{{flagicon|USA}}||C||1998<U+2013>2000||67||7||6||13||36||<U+2014>||<U+2014>||<U+2014>||<U+2014>||<U+2014>||
|-
|[[Jan Hlav<U+00E1><U+010D>|Hlavac, Jan]]||{{flagicon|CZE}}||LW||2001<U+2013>2003||55||10||13||23||16||5||0||1||1||0||
|-
|[[Ivan Hlinka|Hlinka, Ivan]]||{{flagicon|CZE}}||C||1981<U+2013>1983||137||42||81||123||28||16||3||10||13||8||
|-
|[[Dan Hodgson|Hodgson, Dan]]||{{flagicon|CAN}}||C||1986<U+2013>1989||74||16||33||49||52||<U+2014>||<U+2014>||<U+2014>||<U+2014>||<U+2014>||
|-
|[[Josh Holden|Holden, Josh]]||{{flagicon|CAN}}||C||1998<U+2013>2001||46||4||9||13||12||<U+2014>||<U+2014>||<U+2014>||<U+2014>||<U+2014>||
|-
|[[Bruce Holloway (ice hockey)|Holloway, Bruce]]||{{flagicon|CAN}}||D||1984<U+2013>1985||2||0||0||0||0||<U+2014>||<U+2014>||<U+2014>||<U+2014>||<U+2014>||
|-
|[[Randy Holt|Holt, Randy]]||{{flagicon|CAN}}||D||1978<U+2013>1979||22||1||3||4||80||<U+2014>||<U+2014>||<U+2014>||<U+2014>||<U+2014>||
|-
|[[Ron Homenuke|Homenuke, Ron]]||{{flagicon|CAN}}|| ||1972<U+2013>1973||1||0||0||0||0||<U+2014>||<U+2014>||<U+2014>||<U+2014>||<U+2014>||
|-
|[[Willie Huber|Huber, Willie]]||{{flagicon|GER}}||D||1987<U+2013>1989||35||4||10||14||40||<U+2014>||<U+2014>||<U+2014>||<U+2014>||<U+2014>||
|-
|[[Greg Hubick|Hubick, Greg]]||{{flagicon|CAN}}||D||1979<U+2013>1980||5||0||1||1||0||<U+2014>||<U+2014>||<U+2014>||<U+2014>||<U+2014>||
|-
|[[John Hughes (ice hockey)|Hughes, John]]||{{flagicon|CAN}}||D||1979<U+2013>1980||52||2||11||13||181||4||0||0||0||10||
|-
|[[Tim Hunter (ice hockey)|Hunter, Tim]]||{{flagicon|CAN}}||RW||1992<U+2013>1996||176||8||10||18||512||46||0||0||0||74||
|-
|[[Bob Hurlburt|Hurlburt, Bob]]||{{flagicon|CAN}}||LW||1974<U+2013>1975||1||0||0||0||2||<U+2014>||<U+2014>||<U+2014>||<U+2014>||<U+2014>||
|-
|[[Jamie Huscroft|Huscroft, Jamie]]||{{flagicon|CAN}}||D||1997<U+2013>1999||33||0||2||2||118||<U+2014>||<U+2014>||<U+2014>||<U+2014>||<U+2014>||
|- bgcolor="#CCFFCC"
|<span id="I"/>[[Brad Isbister|Isbister, Brad]] <U+2020>||{{flagicon|CAN}}||RW||2007<U+2013>2008||55||6||5||11||38||<U+2014>||<U+2014>||<U+2014>||<U+2014>||<U+2014>||
|-
|<span id="J"/>[[Dane Jackson|Jackson, Dane]]||{{flagicon|CAN}}||RW||1993<U+2013>1995||15||6||1||7||13||6||0||0||0||10||
|- bgcolor="#CCFFCC"
|[[Jason Jaffray|Jaffray, Jason]] <U+2020>||{{flagicon|CAN}}||LW||2007<U+2013>2008||19||2||4||6||19||<U+2014>||<U+2014>||<U+2014>||<U+2014>||<U+2014>||
|-
|[[Dan Johnson (ice hockey)|Johnson, Dan]]||{{flagicon|CAN}}||C||1970<U+2013>1972||77||16||14||30||16||<U+2014>||<U+2014>||<U+2014>||<U+2014>||<U+2014>||
|-
|[[Mikko Jokela|Jokela, Mikko]]||{{flagicon|FIN}}||D||2002<U+2013>2003||1||0||0||0||0||<U+2014>||<U+2014>||<U+2014>||<U+2014>||<U+2014>||
|-
|[[Chris Joseph (ice hockey)|Joseph, Chris]]||{{flagicon|CAN}}||D||1996<U+2013>1997<br>1999<U+2013>2000||101||5||22||27||68||<U+2014>||<U+2014>||<U+2014>||<U+2014>||<U+2014>||
|-
|[[Ed Jovanovski|Jovanovski, Ed]]||{{flagicon|CAN}}||D||1998<U+2013>2006||434||57||177||234||536||31||9||10||19||36||
|-
|<span id="K"/>[[Sheldon Kannegiesser|Kannegiesser, Sheldon]]||{{flagicon|CAN}}||D||1977<U+2013>1978||42||1||7||8||36||<U+2014>||<U+2014>||<U+2014>||<U+2014>||<U+2014>||
|-
|[[Steve Kariya|Kariya, Steve]]||{{flagicon|CAN}}||RW||1999<U+2013>2002||65||9||18||27||32||<U+2014>||<U+2014>||<U+2014>||<U+2014>||<U+2014>||
|-
|[[Pat Kavanagh|Kavanagh, Pat]]||{{flagicon|CAN}}||RW||2000<U+2013>2004||6||2||0||2||2||3||0||0||0||2||
|-
|[[Mike Keane|Keane, Mike]]||{{flagicon|CAN}}||RW||2003<U+2013>2004||64||8||9||17||20||7||0||0||0||4||
|-
|[[Dennis Kearns|Kearns, Dennis]]||{{flagicon|CAN}}||D||1971<U+2013>1981||677||31||290||321||386||11||1||2||3||8||
|-
|[[Dan Kesa|Kesa, Dan]]||{{flagicon|CAN}}||RW||1993<U+2013>1994||19||2||4||6||18||<U+2014>||<U+2014>||<U+2014>||<U+2014>||<U+2014>||
|- bgcolor="#CCFFCC"
|[[Ryan Kesler|Kesler, Ryan]] <U+2020>||{{flagicon|USA}}||C||2003<U+2013>2008||238||39||42||81||214||1||0||0||0||0||
|-
|[[Ian Kidd|Kidd, Ian]]||{{flagicon|USA}}||D||1987<U+2013>1989||20||4||7||11||25||<U+2014>||<U+2014>||<U+2014>||<U+2014>||<U+2014>||
|-
|[[Jason King (ice hockey)|King, Jason]]||{{flagicon|CAN}}||LW||2002<U+2013>2004||55||12||11||23||8||1||0||0||0||0||
|-
|[[Mark Kirton|Kirton, Mark]]||{{flagicon|CAN}}||C||1982<U+2013>1985||119||23||14||37||27||4||1||2||3||7||
|-
|[[Trent Klatt|Klatt, Trent]]||{{flagicon|USA}}||RW||1998<U+2013>2003||313||51||60||111||87||8||5||4||9||2||
|-
|[[Joe Kocur|Kocur, Joe]]||{{flagicon|CAN}}||RW||1995<U+2013>1996||7||0||1||1||19||1||0||0||0||0||
|-
|[[Zenith Komarniski|Komarniski, Zenith]]||{{flagicon|CAN}}||D||1999<U+2013>2003||19||1||1||2||10||<U+2014>||<U+2014>||<U+2014>||<U+2014>||<U+2014>||
|-
|[[Jerry Korab|Korab, Jerry]]||{{flagicon|CAN}}||D||1973<U+2013>1974||31||4||7||11||64||<U+2014>||<U+2014>||<U+2014>||<U+2014>||<U+2014>||
|-
|[[Don Kozak|Kozak, Don]]||{{flagicon|CAN}}||LW||1978<U+2013>1979||28||2||5||7||30||3||1||0||1||0||
|- bgcolor="#CCFFCC"
|[[Luk<U+00E1><U+0161> Kraj<U+00ED><U+010D>ek|Krajicek, Lukas]] <U+2020>||{{flagicon|CZE}}||D||2006<U+2013>2008||117||5||22||27||100||12||0||2||2||12||
|-
|[[Robert Kron|Kron, Robert]]||{{flagicon|CZE}}||C||1990<U+2013>1993||144||24||33||57||37||11||1||2||3||2||
|-
|[[Vladimir Krutov|Krutov, Vladimir]]||{{flagicon|RUS}}||LW||1989<U+2013>1990||61||11||23||34||20||<U+2014>||<U+2014>||<U+2014>||<U+2014>||<U+2014>||
|-
|[[Franti<U+0161>ek Ku<U+010D>era|Kucera, Frantisek]]||{{flagicon|CZE}}||D||1995<U+2013>1997||26||1||0||1||10||6||0||1||1||0||
|-
|[[Stu Kulak|Kulak, Stu]]||{{flagicon|CAN}}||RW||1982<U+2013>1987||32||2||2||4||37||<U+2014>||<U+2014>||<U+2014>||<U+2014>||<U+2014>||
|-
|[[Orland Kurtenbach|Kurtenbach, Orland]]||{{flagicon|CAN}}||C||1970<U+2013>1974||229||62||101||163||200||<U+2014>||<U+2014>||<U+2014>||<U+2014>||<U+2014>||Captain, 1970<U+2013>1974
|-
|[[Justin Kurtz|Kurtz, Justin]]||{{flagicon|CAN}}||D||2001<U+2013>2002||27||3||5||8||14||<U+2014>||<U+2014>||<U+2014>||<U+2014>||<U+2014>||
|-
|[[Tom Kurvers|Kurvers, Tom]]||{{flagicon|USA}}||D||1990<U+2013>1991||32||4||23||27||20||6||2||2||4||12||
|-
|<span id="L"/>[[Scott Lachance|Lachance, Scott]]||{{flagicon|USA}}||D||2000<U+2013>2002||157||4||21||25||96||8||1||2||3||6||
|-
|[[Nathan LaFayette|LaFayette, Nathan]]||{{flagicon|CAN}}||C||1993<U+2013>1995||38||5||5||10||6||20||2||7||9||4||
|-
|[[Bobby Lalonde|Lalonde, Bobby]]||{{flagicon|CAN}}||C||1971<U+2013>1977||353||72||117||189||185||6||0||0||0||2||
|-
|[[Mike Lampman|Lampman, Mike]]||{{flagicon|CAN}}||LW||1973<U+2013>1974||14||1||0||1||0||<U+2014>||<U+2014>||<U+2014>||<U+2014>||<U+2014>||
|-
|[[Darren Langdon|Langdon, Darren]]||{{flagicon|CAN}}||LW||2002<U+2013>2003||45||0||1||1||143||<U+2014>||<U+2014>||<U+2014>||<U+2014>||<U+2014>||
|-
|[[Jean-Marc Lanthier|Lanthier, Jean-Marc]]||{{flagicon|CAN}}||RW||1983<U+2013>1988||105||16||16||32||29||<U+2014>||<U+2014>||<U+2014>||<U+2014>||<U+2014>||
|-
|[[Rick Lanz|Lanz, Rick]]||{{flagicon|CZE}}||D||1980<U+2013>1987||417||56||171||227||331||14||2||5||7||6||
|-
|[[Igor Larionov|Larionov, Igor]]||{{flagicon|RUS}}||C||1989<U+2013>1992||210||51||92||143||88||19||4||7||11||10||
|-
|[[Paul Lawless|Lawless, Paul]]||{{flagicon|CAN}}||LW||1987<U+2013>1988||13||0||1||1||0||<U+2014>||<U+2014>||<U+2014>||<U+2014>||<U+2014>||
|-
|[[John LeBlanc|LeBlanc, John]]||{{flagicon|CAN}}||LW||1986<U+2013>1988||43||13||10||23||18||<U+2014>||<U+2014>||<U+2014>||<U+2014>||<U+2014>||
|-
|[[Grant Ledyard|Ledyard, Grant]]||{{flagicon|CAN}}||D||1997<U+2013>1998||49||2||13||15||14||<U+2014>||<U+2014>||<U+2014>||<U+2014>||<U+2014>||
|-
|[[Brad Leeb|Leeb, Brad]]||{{flagicon|CAN}}||RW||1999<U+2013>2002||4||0||0||0||2||<U+2014>||<U+2014>||<U+2014>||<U+2014>||<U+2014>||
|-
|[[Gary Leeman|Leeman, Gary]]||{{flagicon|CAN}}||RW||1994<U+2013>1995||10||2||0||2||0||<U+2014>||<U+2014>||<U+2014>||<U+2014>||<U+2014>||
|-
|[[Moe Lemay|Lemay, Moe]]||{{flagicon|CAN}}||LW||1981<U+2013>1987||279||70||92||162||367||4||0||0||0||12||
|-
|[[Richard Lemieux|Lemieux, Richard]]||{{flagicon|CAN}}||C||1971<U+2013>1974||192||29||61||90||68||<U+2014>||<U+2014>||<U+2014>||<U+2014>||<U+2014>||
|-
|[[Tim Lenardon|Lenardon, Tim]]||{{flagicon|CAN}}||C||1989<U+2013>1990||8||1||0||1||4||<U+2014>||<U+2014>||<U+2014>||<U+2014>||<U+2014>||
|-
|[[Trevor Letowski|Letowski, Trevor]]||{{flagicon|CAN}}||RW||2001<U+2013>2003||120||18||24||42||51||12||0||2||2||8||
|-
|[[Don Lever|Lever, Don]]||{{flagicon|CAN}}||LW||1972<U+2013>1980||593||186||221||407||354||10||2||2||4||6||Captain, 1977<U+2013>1979
|-
|[[Craig Levie|Levie, Craig]]||{{flagicon|CAN}}||D||1986<U+2013>1987||9||0||1||1||13||<U+2014>||<U+2014>||<U+2014>||<U+2014>||<U+2014>||
|-
|[[Doug Lidster|Lidster, Doug]]||{{flagicon|CAN}}||D||1983<U+2013>1993||666||65||242||307||526||41||2||10||12||36||
|- bgcolor="#CCFFCC"
|[[Trevor Linden|Linden, Trevor]] <U+2020>||{{flagicon|CAN}}||C/RW||1988<U+2013>1998<br>2001<U+2013>2008||1141||318||415||732||730||118||34||61||95||90||Captain, 1991<U+2013>1997<br>[[King Clancy Memorial Trophy|King Clancy Trophy]] <U+2014> [[1996<U+2013>97 NHL season|1997]]
|-
|[[Lars Lindgren|Lindgren, Lars]]||{{flagicon|SWE}}||D||1978<U+2013>1984||335||23||99||122||292||25||3||6||9||14||
|-
|[[Mats Lindgren|Lindgren, Mats]]||{{flagicon|SWE}}||C||2002<U+2013>2003||54||5||9||14||18||<U+2014>||<U+2014>||<U+2014>||<U+2014>||<U+2014>||
|-
|[[Dave Logan (ice hockey)|Logan, Dave]]||{{flagicon|CAN}}||D||1979<U+2013>1981||40||1||5||6||122||4||0||0||0||0||
|-
|[[Brian Loney|Loney, Brian]]||{{flagicon|CAN}}||RW||1995<U+2013>1996||12||2||3||5||6||<U+2014>||<U+2014>||<U+2014>||<U+2014>||<U+2014>||
|-
|[[Dave Lowry|Lowry, Dave]]||{{flagicon|CAN}}||LW||1985<U+2013>1988||165||19||21||40||357||3||0||0||0||0||
|-
|[[Jyrki Lumme|Lumme, Jyrki]]||{{flagicon|FIN}}||D||1989<U+2013>1998||579||83||238||321||379||72||9||31||40||36||
|-
|[[Len Lunde|Lunde, Len]]||{{flagicon|CAN}}||LW||1970<U+2013>1971||20||1||3||4||2||<U+2014>||<U+2014>||<U+2014>||<U+2014>||<U+2014>||
|-
|[[Gary Lupul|Lupul, Gary]]||{{flagicon|CAN}}||LW||1979<U+2013>1986||293||70||75||145||243||25||4||7||11||13||
|-
|<span id="M"/>[[Al MacAdam|MacAdam, Al]]||{{flagicon|CAN}}||RW||1984<U+2013>1985||80||14||20||34||27||<U+2014>||<U+2014>||<U+2014>||<U+2014>||<U+2014>||
|-
|[[Blair MacDonald|MacDonald, Blair]]||{{flagicon|CAN}}||RW||1980<U+2013>1983||88||26||28||54||32||8||0||3||3||2||
|-
|[[Brett MacDonald|MacDonald, Brett]]||{{flagicon|CAN}}||D||1987<U+2013>1988||1||0||0||0||0||<U+2014>||<U+2014>||<U+2014>||<U+2014>||<U+2014>||
|-
|[[Jim Mair|Mair, Jim]]||{{flagicon|CAN}}||D||1972<U+2013>1975||23||2||4||6||8||<U+2014>||<U+2014>||<U+2014>||<U+2014>||<U+2014>||
|-
|[[Wayne Maki|Maki, Wayne]]||{{flagicon|CAN}}||LW||1970<U+2013>1973||180||50||73||123||148||<U+2014>||<U+2014>||<U+2014>||<U+2014>||<U+2014>||
|-
|[[Marek Mal<U+00ED>k|Malik, Marek]]||{{flagicon|CZE}}||D||2002<U+2013>2004||147||10||27||37||97||21||1||1||2||20||[[NHL Plus-Minus Award]] <U+2014> [[2003<U+2013>04 NHL season|2004]]{{fn|2}}
|-
|[[Dean Malkoc|Malkoc, Dean]]||{{flagicon|CAN}}||D||1995<U+2013>1996||41||0||2||2||136||<U+2014>||<U+2014>||<U+2014>||<U+2014>||<U+2014>||
|-
|[[Kris Manery|Manery, Kris]]||{{flagicon|CAN}}||LW||1979<U+2013>1980||21||2||1||3||15||<U+2014>||<U+2014>||<U+2014>||<U+2014>||<U+2014>||
|-
|[[Bob Manno|Manno, Bob]]||{{flagicon|CAN}}||LW||1976<U+2013>1981||163||13||55||68||115||10||1||1||2||12||
|-
|[[Mario Marois|Marois, Mario]]||{{flagicon|CAN}}||D||1980<U+2013>1981||50||4||12||16||115||<U+2014>||<U+2014>||<U+2014>||<U+2014>||<U+2014>||
|-
|[[Grant Martin|Martin, Grant]]||{{flagicon|CAN}}||C||1983<U+2013>1985||24||0||3||3||45||<U+2014>||<U+2014>||<U+2014>||<U+2014>||<U+2014>||
|-
|[[Pit Martin|Martin, Pit]]||{{flagicon|CAN}}||C||1977<U+2013>1979||131||27||45||72||60||3||0||1||1||2||
|-
|[[Brad Maxwell|Maxwell, Brad]]||{{flagicon|CAN}}||D||1986<U+2013>1987||30||1||7||8||28||<U+2014>||<U+2014>||<U+2014>||<U+2014>||<U+2014>||
|-
|[[Brad May|May, Brad]]||{{flagicon|CAN}}||LW||1997<U+2013>2000<br>2002<U+2013>2004||225||29||27||56||380||20||1||0||1||21||
|-
|[[Jay Mazur|Mazur, Jay]]||{{flagicon|CAN}}||RW||1988<U+2013>1992||47||11||7||18||20||6||0||1||1||8||
|-
|[[Chris McAllister|McAllister, Chris]]||{{flagicon|CAN}}||D||1997<U+2013>1999||64||2||3||5||169||<U+2014>||<U+2014>||<U+2014>||<U+2014>||<U+2014>||
|-
|[[Andrew McBain|McBain, Andrew]]||{{flagicon|CAN}}||RW||1989<U+2013>1992||45||5||10||15||54||<U+2014>||<U+2014>||<U+2014>||<U+2014>||<U+2014>||
|-
|[[Bryan McCabe|McCabe, Bryan]]||{{flagicon|CAN}}||D||1997<U+2013>1999||95||8||25||33||184|<U+2014>||<U+2014>||<U+2014>||<U+2014>||<U+2014>||
|-
|[[Kevin McCarthy (ice hockey)|McCarthy, Kevin]]||{{flagicon|CAN}}||D||1978<U+2013>1984||352||51||148||199||388||11||2||2||4||12||Captain, 1979<U+2013>1982
|-
|[[Steve McCarthy|McCarthy, Steve]]||{{flagicon|CAN}}||D||2005<U+2013>2006||51||2||4||6||43||<U+2014>||<U+2014>||<U+2014>||<U+2014>||<U+2014>||
|-
|[[Dennis McCord (ice hockey)|McCord, Dennis]]||{{flagicon|CAN}}||D||1973<U+2013>1974||3||0||0||0||6||<U+2014>||<U+2014>||<U+2014>||<U+2014>||<U+2014>||
|-
|[[Joe McDonnell (ice hockey)|McDonnell, Joe]]||{{flagicon|CAN}}||D||1981<U+2013>1982||7||0||1||1||12||<U+2014>||<U+2014>||<U+2014>||<U+2014>||<U+2014>||
|-
|[[Jack McIlhargey|McIlhargey, Jack]]||{{flagicon|CAN}}||D||1976<U+2013>1980||167||6||18||24||403||3||0||0||0||2||
|-
|[[John McIntyre (ice hockey)|McIntyre, John]]||{{flagicon|CAN}}||C||1993<U+2013>1995||90||3||10||13||75||24||0||1||1||16||
|- bgcolor="#CCFFCC"
|[[Nathan McIver|McIver, Nathan]] <U+2020>||{{flagicon|CAN}}||D||2006<U+2013>2008||18||0||0||0||59||<U+2014>||<U+2014>||<U+2014>||<U+2014>||<U+2014>||
|-
|[[Peter McNab|McNab, Peter]]||{{flagicon|CAN}}||LW||1983<U+2013>1985||88||24||31||55||20||3||0||0||0||0||
|-
|[[Bryan McSheffrey|McSheffrey, Bryan]]||{{flagicon|CAN}}||LW||1972<U+2013>1974||87||13||7||20||44||<U+2014>||<U+2014>||<U+2014>||<U+2014>||<U+2014>||
|-
|[[Gerry Meehan|Meehan, Gerry]]||{{flagicon|CAN}}||LW||1974<U+2013>1975||57||10||15||25||4||<U+2014>||<U+2014>||<U+2014>||<U+2014>||<U+2014>||
|-
|[[Larry Melnyk|Melnyk, Larry]]||{{flagicon|CAN}}||D||1987<U+2013>1990||190||5||16||21||246||4||0||0||0||2||
|- bgcolor="#CFECEC"
|[[Mark Messier|Messier, Mark]] *||{{flagicon|CAN}}||C||1997<U+2013>2000||207||52||110||162||121||<U+2014>||<U+2014>||<U+2014>||<U+2014>||<U+2014>||Captain, 1997<U+2013>2000<br>[[Hockey Hall of Fame|HHOF]] <U+2014> 2007
|- bgcolor="#CCFFCC"
|[[Aaron Miller|Miller, Aaron]] <U+2020>||{{flagicon|USA}}||D||2007<U+2013>2008||57||1||8||9||32||<U+2014>||<U+2014>||<U+2014>||<U+2014>||<U+2014>||
|-
|[[Gerry Minor|Minor, Gerry]]||{{flagicon|CAN}}||C||1979<U+2013>1984||140||11||21||32||176||12||1||3||4||25||
|- bgcolor="#CCFFCC"
|[[Willie Mitchell (ice hockey)|Mitchell, Willie]] <U+2020>||{{flagicon|CAN}}||D||2006<U+2013>2008||134||3||20||23||126||12||0||1||1||12||
|-
|[[Alexander Mogilny|Mogilny, Alexander]]||{{flagicon|RUS}}||RW||1995<U+2013>2000||312||139||169||308||144||6||1||8||9||8||
|-
|[[Tom<U+00E1><U+0161> Moj<U+017E><U+00ED><U+0161>|Mojzis, Tomas]]||{{flagicon|CZE}}||D||2005<U+2013>2006||7||0||1||1||12||<U+2014>||<U+2014>||<U+2014>||<U+2014>||<U+2014>||
|-
|[[Lars Molin (ice hockey)|Molin, Lars]]||{{flagicon|SWE}}||LW||1981<U+2013>1984||172||33||65||98||37||19||2||9||11||7||
|-
|[[Sergio Momesso|Momesso, Sergio]]||{{flagicon|CAN}}||LW||1990<U+2013>1995||269||68||73||141||655||66||9||13||22||157||
|-
|[[Garry Monahan|Monahan, Garry]]||{{flagicon|CAN}}||C||1974<U+2013>1978||287||58||82||140||166||7||1||0||1||4||
|-
|[[Brad Moran (ice hockey)|Moran, Brad]]||{{flagicon|CAN}}||C||2006<U+2013>2007||3||0||1||1||2||<U+2014>||<U+2014>||<U+2014>||<U+2014>||<U+2014>||
|-
|[[Stephane Morin|Morin, Stephane]]||{{flagicon|CAN}}||C||1992<U+2013>1994||6||1||2||3||6||<U+2014>||<U+2014>||<U+2014>||<U+2014>||<U+2014>||
|- bgcolor="#CCFFCC"
|[[Brendan Morrison|Morrison, Brendan]] <U+2020>||{{flagicon|CAN}}||C||1999<U+2013>2008||543||136||257||393||326||49||8||19||27||48||
|-
|[[Dave Morrison (ice hockey)|Morrison, Dave]]||{{flagicon|CAN}}||LW||1984<U+2013>1985||8||0||0||0||0||<U+2014>||<U+2014>||<U+2014>||<U+2014>||<U+2014>||
|-
|[[Bill Muckalt|Muckalt, Bill]]||{{flagicon|CAN}}||LW||1998<U+2013>2000||106||20||28||48||115||<U+2014>||<U+2014>||<U+2014>||<U+2014>||<U+2014>||
|-
|[[Rob Murphy (ice hockey)|Murphy, Rob]]||{{flagicon|CAN}}||C||1987<U+2013>1992||73||6||4||10||100||4||0||0||0||2||
|-
|[[Robert John Murray|Murray, Bob]]||{{flagicon|CAN}}||D||1974<U+2013>1977||90||3||10||13||42||6||0||1||1||13||
|-
|[[Dana Murzyn|Murzyn, Dana]]||{{flagicon|CAN}}||D||1990<U+2013>1999||452||23||66||89||900||40||3||4||7||92||
|-
|<span id="N"/>[[Evgeny Namestnikov|Namestnikov, Evgeny]]||{{flagicon|RUS}}||D||1993<U+2013>1997||35||0||8||8||18||2||0||0||0||2||
|- bgcolor="#CCFFCC"
|[[Markus N<U+00E4>slund|Naslund, Markus]] <U+2020>||{{flagicon|SWE}}||LW||1995<U+2013>2008||884||346||410||756||614||45||13||20||33||46||Captain, 2000<U+2013>present<br>[[Lester B. Pearson Award|Lester Pearson Award]] <U+2014> [[2002<U+2013>03 NHL season|2003]]
|-
|[[Petr Nedv<U+011B>d|Nedved, Petr]]||{{flagicon|CZE}}||LW||1990<U+2013>1993||222||63||61||124||152||28||3||8||11||18||
|- bgcolor="#CFECEC"
|[[Cam Neely|Neely, Cam]] *||{{flagicon|CAN}}||RW||1983<U+2013>1986||201||51||53||104||320||4||2||0||2||2||[[Hockey Hall of Fame|HHOF]] <U+2014> 2005
|-
|[[Sergei Nemchinov|Nemchinov, Sergei]]||{{flagicon|RUS}}||C||1996<U+2013>1997||6||2||3||5||4||<U+2014>||<U+2014>||<U+2014>||<U+2014>||<U+2014>||
|-
|[[Jim Nill|Nill, Jim]]||{{flagicon|CAN}}||RW||1981<U+2013>1984||124||17||23||40||219||20||4||3||7||73||
|-
|[[Brian Noonan|Noonan, Brian]]||{{flagicon|USA}}||RW||1996<U+2013>1998||98||14||23||37||68||<U+2014>||<U+2014>||<U+2014>||<U+2014>||<U+2014>||
|-
|[[Robert Nordmark|Nordmark, Robert]]||{{flagicon|SWE}}||D||1988<U+2013>1991||169||10||52||62||194||7||3||2||5||8||
|-
|<span id="O"/>[[Gerry O'Flaherty|O'Flaherty, Gerry]]||{{flagicon|USA}}||RW||1972<U+2013>1978||435||98||95||193||166||7||2||2||4||6||
|-
|[[Paul O'Neil (ice hockey)|O'Neil, Paul]]||{{flagicon|USA}}||C||1973<U+2013>1974||5||0||0||0||0||<U+2014>||<U+2014>||<U+2014>||<U+2014>||<U+2014>||
|-
|[[Chris O'Sullivan|O'Sullivan, Chris]]||{{flagicon|USA}}||D||1999<U+2013>2000||11||0||5||5||2||<U+2014>||<U+2014>||<U+2014>||<U+2014>||<U+2014>||
|-
|[[Chris Oddleifson|Oddleifson, Chris]]||{{flagicon|CAN}}||RW||1973<U+2013>1981||469||85||180||265||439||14||1||6||7||8||Captain, 1976<U+2013>1977
|-
|[[Gino Odjick|Odjick, Gino]]||{{flagicon|CAN}}||LW||1990<U+2013>1998||444||46||52||98||2127||29||3||1||4||95||
|- bgcolor="#CCFFCC"
|[[Mattias <U+00D6>hlund|Ohlund, Mattias]] <U+2020>||{{flagicon|SWE}}||D||1997<U+2013>2008||688||87||213||300||651||42||8||17||25||49||
|-
|[[Roman Oksiuta|Oksiuta, Roman]]||{{flagicon|RUS}}||RW||1994<U+2013>1996||68||21||25||46||44||10||2||3||5||0||
|-
|<span id="P"/>[[Rosaire Paiement|Paiement, Rosaire]]||{{flagicon|CAN}}||C||1970<U+2013>1972||147||44||47||91||269||<U+2014>||<U+2014>||<U+2014>||<U+2014>||<U+2014>||
|-
|[[Richard Park|Park, Richard]]||{{flagicon|KOR}}||C||2005<U+2013>2006||60||8||10||18||29||<U+2014>||<U+2014>||<U+2014>||<U+2014>||<U+2014>||
|-
|[[Michael Peca|Peca, Michael]]||{{flagicon|CAN}}||C||1993<U+2013>1995||37||6||6||12||32||5||0||1||1||8||
|-
|[[Barry Pederson|Pederson, Barry]]||{{flagicon|CAN}}||C||1986<U+2013>1990||233||60||137||197||174||<U+2014>||<U+2014>||<U+2014>||<U+2014>||<U+2014>||
|-
|[[Denis Pederson|Pederson, Denis]]||{{flagicon|CAN}}||C||1999<U+2013>2002||102||8||15||23||98||4||0||1||1||4||
|-
|[[Brent Peterson|Peterson, Brent]]||{{flagicon|CAN}}||RW||1985<U+2013>1987||146||15||38||53||171||3||2||0||2||9||
|-
|[[Michel Petit|Petit, Michel]]||{{flagicon|CAN}}||D||1982<U+2013>1988||226||24||57||81||373||1||0||0||0||0||
|- bgcolor="#CCFFCC"
|[[Matt Pettinger|Pettinger, Matt]] <U+2020>||{{flagicon|CAN}}||LW||2007<U+2013>2008||20||4||2||6||11||<U+2014>||<U+2014>||<U+2014>||<U+2014>||<U+2014>||
|-
|[[Adrien Plavsic|Plavsic, Adrien]]||{{flagicon|CAN}}||D||1989<U+2013>1995||182||13||52||65||147||13||1||7||8||4||
|-
|[[Poul Popiel|Popiel, Poul]]||{{flagicon|DEN}}||D||1970<U+2013>1972||116||11||23||34||97||<U+2014>||<U+2014>||<U+2014>||<U+2014>||<U+2014>||
|-
|[[Tracy Pratt|Pratt, Tracy]]||{{flagicon|USA}}||D||1973<U+2013>1976||176||9||30||39||261||5||0||0||0||5||
|-
|[[Kevin Primeau|Primeau, Kevin]]||{{flagicon|CAN}}||C||1980<U+2013>1981||2||0||0||0||4||<U+2014>||<U+2014>||<U+2014>||<U+2014>||<U+2014>||
|-
|[[Sean Pronger|Pronger, Sean]]||{{flagicon|CAN}}||C||2003<U+2013>2004||3||0||1||1||4||<U+2014>||<U+2014>||<U+2014>||<U+2014>||<U+2014>||
|- bgcolor="#CCFFCC"
|[[Taylor Pyatt|Pyatt, Taylor]] <U+2020>||{{flagicon|CAN}}||RW||2006<U+2013>2008||155||39||35||74||102||12||2||4||6||6||
|-
|<span id="Q"/>[[Dan Quinn|Quinn, Dan]]||{{flagicon|CAN}}||C||1989<U+2013>1991||101||34||49||83||73||<U+2014>||<U+2014>||<U+2014>||<U+2014>||<U+2014>||
|-
|[[Pat Quinn|Quinn, Pat]]||{{flagicon|CAN}}||D||1970<U+2013>1972||133||4||14||18||212||<U+2014>||<U+2014>||<U+2014>||<U+2014>||<U+2014>||
|-
|<span id="R"/>[[Dan Ratushny|Ratushny, Dan]]||{{flagicon|CAN}}||D||1992<U+2013>1993||1||0||1||1||2||<U+2014>||<U+2014>||<U+2014>||<U+2014>||<U+2014>||
|- bgcolor="#CCFFCC"
|[[Mason Raymond|Raymond, Mason]] <U+2020>||{{flagicon|CAN}}||RW|||2007<U+2013>2008||49||9||12||21||2||<U+2014>||<U+2014>||<U+2014>||<U+2014>||<U+2014>||
|-
|[[Marc Reaume|Reaume, Marc]]||{{flagicon|CAN}}||D||1970<U+2013>1971||27||0||2||2||4||<U+2014>||<U+2014>||<U+2014>||<U+2014>||<U+2014>||
|-
|[[Brandon Reid|Reid, Brandon]]||{{flagicon|CAN}}||C||2002<U+2013>2007||13||2||4||6||0||10||0||2||2||0||
|-
|[[Paul Reinhart|Reinhart, Paul]]||{{flagicon|CAN}}||D||1988<U+2013>1990||131||24||90||114||74||7||2||3||5||4||
|-
|[[Glen Richardson|Richardson, Glen]]||{{flagicon|CAN}}||LW||1975<U+2013>1976||24||3||6||9||19||<U+2014>||<U+2014>||<U+2014>||<U+2014>||<U+2014>||
|-
|[[Dave Richter|Richter, Dave]]||{{flagicon|CAN}}||D||1986<U+2013>1988||127||4||19||23||396||<U+2014>||<U+2014>||<U+2014>||<U+2014>||<U+2014>||
|-
|[[Mike Ridley|Ridley, Mike]]||{{flagicon|CAN}}||C||1995<U+2013>1997||112||26||47||73||71||5||0||0||0||2||
|- bgcolor="#CCFFCC"
|[[Byron Ritchie|Ritchie, Byron]] <U+2020>||{{flagicon|CAN}}||C|||2007<U+2013>2008||72||3||8||11||80||<U+2014>||<U+2014>||<U+2014>||<U+2014>||<U+2014>||
|-
|[[Garth Rizzuto|Rizzuto, Garth]]||{{flagicon|CAN}}||C||1970<U+2013>1971||37||3||4||7||16||<U+2014>||<U+2014>||<U+2014>||<U+2014>||<U+2014>||
|-
|[[David Roberts (ice hockey)|Roberts, David]]||{{flagicon|USA}}||LW||1996<U+2013>1998||71||11||18||29||55||<U+2014>||<U+2014>||<U+2014>||<U+2014>||<U+2014>||
|-
|[[Bert Robertsson|Robertsson, Bert]]||{{flagicon|SWE}}||D||1997<U+2013>1999||69||4||6||10||37||<U+2014>||<U+2014>||<U+2014>||<U+2014>||<U+2014>||
|-
|[[Mike Robitaille|Robitaille, Mike]]||{{flagicon|CAN}}||D||1974<U+2013>1977||174||10||50||60||121||7||0||1||1||4||
|-
|[[Leon Rochefort|Rochefort, Leon]]||{{flagicon|CAN}}||C||1974<U+2013>1976||87||18||14||32||2||5||0||2||2||0||
|-
|[[Jeff Rohlicek|Rohlicek, Jeff]]||{{flagicon|USA}}||C||1987<U+2013>1989||9||0||0||0||8||<U+2014>||<U+2014>||<U+2014>||<U+2014>||<U+2014>||
|-
|[[Leif Rohlin|Rohlin, Leif]]||{{flagicon|SWE}}||D||1995<U+2013>1997||96||8||24||32||40||5||0||0||0||0||
|-
|[[Cliff Ronning|Ronning, Cliff]]||{{flagicon|CAN}}||C||1990<U+2013>1996||366||112||216||328||183||72||24||34||58||48||
|-
|[[Darcy Rota|Rota, Darcy]]||{{flagicon|CAN}}||LW||1979<U+2013>1984||289||120||116||236||453||30||10||5||15||82||
|-
|[[Martin Ru<U+010D><U+00ED>nsk<U+00FD>|Rucinsky, Martin]]||{{flagicon|CZE}}||LW||2003<U+2013>2004||13||1||2||3||10||7||1||1||2||6||
|-
|[[Christian Ruuttu|Ruuttu, Christian]]||{{flagicon|FIN}}||C||1994<U+2013>1995||25||5||6||11||23||9||1||1||2||0||
|-
|[[Jarkko Ruutu|Ruutu, Jarkko]]||{{flagicon|FIN}}||RW||1999<U+2013>2006||267||23||28||51||453||24||1||3||4||32||
|-
|[[Prestin Ryan|Ryan, Prestin]]||{{flagicon|CAN}}||D||2005<U+2013>2006||1||0||0||0||2||<U+2014>||<U+2014>||<U+2014>||<U+2014>||<U+2014>||
|- bgcolor="#CCFFCC"
|[[Rick Rypien|Rypien, Rick]] <U+2020>||{{flagicon|CAN}}||C||2005<U+2013>2008||29||2||2||4||50||<U+2014>||<U+2014>||<U+2014>||<U+2014>||<U+2014>||
|- bgcolor="#CCFFCC"
|<span id="S"/>[[Sami Salo|Salo, Sami]] <U+2020>||{{flagicon|FIN}}||D||2002<U+2013>2008||342||48||103||151||134||29||2||6||8||6||
|-
|[[Derek Sanderson|Sanderson, Derek]]||{{flagicon|CAN}}||C||1976<U+2013>1977||16||7||9||16||30||<U+2014>||<U+2014>||<U+2014>||<U+2014>||<U+2014>||
|-
|[[Geoff Sanderson|Sanderson, Geoff]]||{{flagicon|CAN}}||LW||1997<U+2013>1998<br>2003<U+2013>2004||22||3||7||10||8||7||1||1||2||4||
|-
|[[Jim Sandlak|Sandlak, Jim]]||{{flagicon|CAN}}||RW||1985<U+2013>1993<br>1995<U+2013>1996||509||104||117||221||789||33||7||10||17||30||
|-
|[[Tommi Santala|Santala, Tommi]]||{{flagicon|FIN}}||C||2006<U+2013>2007||30||1||5||6||24||1||0||0||0||0||
|-
|[[David Saunders (ice hockey)|Saunders, David]]||{{flagicon|CAN}}||LW||1987<U+2013>1988||56||7||13||20||10||<U+2014>||<U+2014>||<U+2014>||<U+2014>||<U+2014>||
|-
|[[Dave Scatchard|Scatchard, David]]||{{flagicon|CAN}}||C||1997<U+2013>2000||179||26||28||54||329||<U+2014>||<U+2014>||<U+2014>||<U+2014>||<U+2014>||
|-
|[[Peter Schaefer (ice hockey)|Schaefer, Peter]]||{{flagicon|CAN}}||LW||1998<U+2013>2001||178||36||39||75||50||3||0||0||0||0||
|-
|[[John Schella|Schella, John]]||{{flagicon|CAN}}||D||1970<U+2013>1972||115||2||18||20||224||<U+2014>||<U+2014>||<U+2014>||<U+2014>||<U+2014>||
|-
|[[Andy Schliebener|Schliebener, Andy]]||{{flagicon|CAN}}||D||1981<U+2013>1985||84||2||11||13||74||6||0||0||0||0||
|-
|[[Bobby Schmautz|Schmautz, Bobby]]||{{flagicon|CAN}}||RW||1970<U+2013>1974<br>1980<U+2013>1981||285||108||104||212||428||3||0||0||0||0||
|-
|[[Jesse Schultz|Schultz, Jesse]]||{{flagicon|CAN}}||RW||2006<U+2013>2007||2||0||0||0||0||<U+2014>||<U+2014>||<U+2014>||<U+2014>||<U+2014>||
|- bgcolor="#CCFFCC"
|[[Daniel Sedin|Sedin, Daniel]] <U+2020>||{{flagicon|SWE}}||LW||2000<U+2013>2008||560||148||232||380||228||43||5||13||18||12||
|- bgcolor="#CCFFCC"
|[[Henrik Sedin|Sedin, Henrik]] <U+2020>||{{flagicon|SWE}}||C||2000<U+2013>2008||564||87||291||378||322||43||10||10||20||24||
|-
|[[Ron Sedlbauer|Sedlbauer, Ron]]||{{flagicon|CAN}}||LW||1974<U+2013>1980||325||108||69||177||170||10||0||1||1||19||
|-
|[[Danny Seguin|Seguin, Danny]]||{{flagicon|CAN}}||LW||1970<U+2013>1974||26||1||5||6||46||<U+2014>||<U+2014>||<U+2014>||<U+2014>||<U+2014>||
|-
|[[Alexander Semak|Semak, Alexander]]||{{flagicon|RUS}}||C||1996<U+2013>1997||18||2||1||3||2||<U+2014>||<U+2014>||<U+2014>||<U+2014>||<U+2014>||
|-
|[[Anatoli Semenov|Semenov, Anatoli]]||{{flagicon|RUS}}||C||1992<U+2013>1993||62||10||34||44||28||12||1||3||4||0||
|- bgcolor="#CCFFCC"
|[[Ryan Shannon|Shannon, Ryan]] <U+2020>||{{flagicon|USA}}||C||2007<U+2013>2008||27||5||8||13||24||<U+2014>||<U+2014>||<U+2014>||<U+2014>||<U+2014>||
|-
|[[Vadim Sharifijanov|Sharifijanov, Vadim]]||{{flagicon|RUS}}||LW||1999<U+2013>2000||17||2||1||3||14||<U+2014>||<U+2014>||<U+2014>||<U+2014>||<U+2014>||
|-
|[[Mike Sillinger|Sillinger, Mike]]||{{flagicon|CAN}}||C||1995<U+2013>1998||138||28||32||60||65||6||0||0||0||2||
|-
|[[Petri Skriko|Skriko, Petri]]||{{flagicon|FIN}}||LW||1984<U+2013>1991||472||171||202||373||221||10||1||5||6||0||
|-
|[[Ji<U+0159><U+00ED> <U+0160>l<U+00E9>gr|Slegr, Jiri]]||{{flagicon|CZE}}||D||1992<U+2013>1995<br>2003<U+2013>2004||154||12||65||77||235||5||0||3||3||4||
|-
|[[Darryl Sly|Sly, Darryl]]||{{flagicon|CAN}}||D||1970<U+2013>1971||31||0||2||2||10||<U+2014>||<U+2014>||<U+2014>||<U+2014>||<U+2014>||
|-
|[[Brad Smith (ice hockey)|Smith, Brad]]||{{flagicon|CAN}}||LW||1978<U+2013>1980||21||1||3||4||52||<U+2014>||<U+2014>||<U+2014>||<U+2014>||<U+2014>||
|-
|[[Doug Smith (ice hockey)|Smith, Doug]]||{{flagicon|CAN}}||C||1988<U+2013>1990||40||6||8||14||76||4||0||0||0||6||
|-
|[[Nathan Smith (ice hockey)|Smith, Nathan]]||{{flagicon|CAN}}||C||2003<U+2013>2007||4||0||0||0||0||4||0||0||0||0||
|-
|[[Bryan Smolinski|Smolinski, Bryan]]||{{flagicon|USA}}||C||2006<U+2013>2007||20||4||3||7||8||12||2||2||4||8||
|- bgcolor="#CFECEC"
|[[Stan Smyl|Smyl, Stan]] *||{{flagicon|CAN}}||RW||1978<U+2013>1991||896||262||411||673||1556||41||16||17||33||64 ||Captain, 1982<U+2013>1990<br>[[Squad number#Retired numbers|Ret]] <U+2014> #12
|-
|[[Harold Snepsts|Snepsts, Harold]]||{{flagicon|CAN}}||D||1974<U+2013>1984<br>1988<U+2013>1990||781||35||160||195||1446||44||1||9||10||99||
|-
|[[Gene Sobchuk|Sobchuk, Gene]]||{{flagicon|CAN}}||LW||1973<U+2013>1974||1||0||0||0||0||<U+2014>||<U+2014>||<U+2014>||<U+2014>||<U+2014>||
|-
|[[Brent Sopel|Sopel, Brent]]||{{flagicon|CAN}}||D||1998<U+2013>2004<br>2006<U+2013>2007||322||33||97||130||139||42||2||9||11||10||
|-
|[[Fred Speck|Speck, Fred]]||{{flagicon|CAN}}||C||1971<U+2013>1972||18||1||2||3||0||<U+2014>||<U+2014>||<U+2014>||<U+2014>||<U+2014>||
|-
|[[Andy Spruce|Spruce, Andy]]||{{flagicon|CAN}}||LW||1976<U+2013>1977||51||9||6||15||37||<U+2014>||<U+2014>||<U+2014>||<U+2014>||<U+2014>||
|-
|[[Steve Staios|Staios, Steve]]||{{flagicon|CAN}}||D||1996<U+2013>1999||143||3||12||15||208||<U+2014>||<U+2014>||<U+2014>||<U+2014>||<U+2014>||
|-
|[[Daryl Stanley|Stanley, Daryl]]||{{flagicon|CAN}}||D||1987<U+2013>1990||100||6||9||15||192||<U+2014>||<U+2014>||<U+2014>||<U+2014>||<U+2014>||
|-
|[[Mike Stapleton|Stapleton, Mike]]||{{flagicon|CAN}}||C||2000<U+2013>2001||18||1||2||3||8||<U+2014>||<U+2014>||<U+2014>||<U+2014>||<U+2014>||
|-
|[[Ronnie Stern|Stern, Ronnie]]||{{flagicon|CAN}}||RW||1987<U+2013>1991||97||5||6||11||480||3||0||1||1||17||
|-
|[[Mike Stevens|Stevens, Mike]]||{{flagicon|CAN}}||LW||1984<U+2013>1985||6||0||3||3||6||<U+2014>||<U+2014>||<U+2014>||<U+2014>||<U+2014>||
|-
|[[Ralph Stewart|Stewart, Ralph]]||{{flagicon|CAN}}||C||1970<U+2013>1971<br>1976<U+2013>1978||53||8||12||20||4||<U+2014>||<U+2014>||<U+2014>||<U+2014>||<U+2014>||
|-
|[[Ron Stewart|Stewart, Ron]]||{{flagicon|CAN}}||C||1971<U+2013>1972||42||3||1||4||10||<U+2014>||<U+2014>||<U+2014>||<U+2014>||<U+2014>||
|-
|[[Alek Stojanov|Stojanov, Alex]]||{{flagicon|CAN}}||RW||1994<U+2013>1996||62||0||1||1||136||5||0||0||0||2||
|-
|[[Steve Stone (ice hockey)|Stone, Steve]]||{{flagicon|CAN}}||RW||1973<U+2013>1974||2||0||0||0||0||<U+2014>||<U+2014>||<U+2014>||<U+2014>||<U+2014>||
|-
|[[Jason Strudwick|Strudwick, Jason]]||{{flagicon|CAN}}||D||1997<U+2013>2002||243||4||15||19||367||2||0||0||0||0||
|-
|[[Raimo Summanen|Summanen, Raimo]]||{{flagicon|FIN}}||LW||1986<U+2013>1988||19||6||7||13||2||<U+2014>||<U+2014>||<U+2014>||<U+2014>||<U+2014>||
|-
|[[Patrik Sundstr<U+00F6>m|Sundstrom, Patrik]]||{{flagicon|SWE}}||LW||1982<U+2013>1987||374||133||209||342||181||11||1||1||2||9||
|-
|[[Rich Sutter|Sutter, Rich]]||{{flagicon|CAN}}||RW||1986<U+2013>1990||291||61||61||122||533||7||2||1||3||12||
|-
|<span id="T"/>[[Dale Tallon|Tallon, Dale]]||{{flagicon|CAN}}||D||1970<U+2013>1973||222||44||93||137||219||<U+2014>||<U+2014>||<U+2014>||<U+2014>||<U+2014>||
|-
|[[Steve Tambellini|Tambellini, Steve]]||{{flagicon|CAN}}||C||1985<U+2013>1988||161||42||45||87||34||<U+2014>||<U+2014>||<U+2014>||<U+2014>||<U+2014>||
|-
|[[Don Tannahill|Tannahill, Don]]||{{flagicon|CAN}}||RW||1972<U+2013>1974||111||30||33||63||25||<U+2014>||<U+2014>||<U+2014>||<U+2014>||<U+2014>||
|-
|[[Tony Tanti|Tanti, Tony]]||{{flagicon|CAN}}||RW||1982<U+2013>1990||531||250||220||470||489||18||1||9||10||15||
|-
|[[Ted Taylor (ice hockey)|Taylor, Ted]]||{{flagicon|CAN}}||LW||1970<U+2013>1972||125||20||29||49||141||<U+2014>||<U+2014>||<U+2014>||<U+2014>||<U+2014>||
|-
|[[Alexei Tezikov|Tezikov, Alexei]]||{{flagicon|RUS}}||D||2001<U+2013>2002||2||0||0||0||0||<U+2014>||<U+2014>||<U+2014>||<U+2014>||<U+2014>||
|-
|[[Esa Tikkanen|Tikkanen, Esa]]||{{flagicon|FIN}}||LW||1995<U+2013>1997||100||25||39||64||80||6||3||2||5||2||
|-
|[[Yannick Tremblay (ice hockey b. 1975)|Tremblay, Yannick]]||{{flagicon|CAN}}||D||2006<U+2013>2007||12||1||2||3||12||<U+2014>||<U+2014>||<U+2014>||<U+2014>||<U+2014>||
|-
|[[Rob Tudor|Tudor, Rob]]||{{flagicon|CAN}}||C||1978<U+2013>1980||26||4||4||8||19||3||0||0||0||0||
|-
|<span id="V"/>[[Lubomir Vaic|Vaic, Lubomir]]||{{flagicon|SVK}}||C||1997<U+2013>2000||9||1||1||2||2||<U+2014>||<U+2014>||<U+2014>||<U+2014>||<U+2014>||
|-
|[[Rick Vaive|Vaive, Rick]]||{{flagicon|CAN}}||LW||1979<U+2013>1980||47||13||8||21||111||<U+2014>||<U+2014>||<U+2014>||<U+2014>||<U+2014>||
|-
|[[Garry Valk|Valk, Gary]]||{{flagicon|CAN}}||LW||1990<U+2013>1993||172||24||35||59||200||16||0||1||1||37||
|-
|[[Herberts Vasi<U+013C>jevs|Vasiljevs, Herberts]]||{{flagicon|LAT}}||C||2001<U+2013>2002||18||3||2||5||2||<U+2014>||<U+2014>||<U+2014>||<U+2014>||<U+2014>||
|-
|[[Dennis Ververgaert|Ververgaert, Dennis]]||{{flagicon|CAN}}||RW||1973<U+2013>1979||409||139||165||304||177||3||1||0||1||4||
|-
|[[Sid Veysey|Veysey, Sid]]||{{flagicon|CAN}}||C||1977<U+2013>1978||1||0||0||0||0||<U+2014>||<U+2014>||<U+2014>||<U+2014>||<U+2014>||
|-
|[[Claude Vilgrain|Vilgrain, Claude]]||{{flagicon|HAI}}||RW||1987<U+2013>1988||6||1||1||2||0||<U+2014>||<U+2014>||<U+2014>||<U+2014>||<U+2014>||
|-
|<span id="W"/>[[Scott Walker (ice hockey)|Walker, Scott]]||{{flagicon|CAN}}||D||1994<U+2013>1998||197||10||34||44||466||<U+2014>||<U+2014>||<U+2014>||<U+2014>||<U+2014>||
|-
|[[Ryan Walter|Walter, Ryan]]||{{flagicon|CAN}}||C||1991<U+2013>1993||92||9||11||20||59||13||0||3||3||8||
|-
|[[Mike Walton|Walton, Mike]]||{{flagicon|CAN}}||C||1975<U+2013>1978||115||44||69||113||71||2||0||0||0||5||
|-
|[[Dixon Ward|Ward, Dixon]]||{{flagicon|CAN}}||RW||1992<U+2013>1994||103||28||31||59||119||9||2||3||5||0||
|-
|[[Ron Ward|Ward, Ron]]||{{flagicon|CAN}}||D||1971<U+2013>1972||71||2||4||6||4||<U+2014>||<U+2014>||<U+2014>||<U+2014>||<U+2014>||
|-
|[[Todd Warriner|Warriner, Todd]]||{{flagicon|CAN}}||LW||2001<U+2013>2003||44||6||10||16||34||6||1||0||1||2||
|-
|[[Steve Washburn|Washburn, Steve]]||{{flagicon|CAN}}||C||1998<U+2013>1999||8||0||0||0||2||<U+2014>||<U+2014>||<U+2014>||<U+2014>||<U+2014>||
|- bgcolor="#CCFFCC"
|[[Mike Weaver (ice hockey)|Weaver, Mike]] <U+2020>||{{flagicon|CAN}}||D|||2007<U+2013>2008||55||0||1||1||33||<U+2014>||<U+2014>||<U+2014>||<U+2014>||<U+2014>||
|-
|[[Eric Weinrich|Weinrich, Eric]]||{{flagicon|USA}}||D||2005<U+2013>2006||16||0||0||0||8||<U+2014>||<U+2014>||<U+2014>||<U+2014>||<U+2014>||
|-
|[[Doug Wickenheiser|Wickenheiser, Doug]]||{{flagicon|CAN}}||C||1987<U+2013>1988||80||7||19||26||36||<U+2014>||<U+2014>||<U+2014>||<U+2014>||<U+2014>||
|-
|[[Barry Wilcox|Wilcox, Barry]]||{{flagicon|CAN}}||LW||1972<U+2013>1975||33||3||2||5||15||<U+2014>||<U+2014>||<U+2014>||<U+2014>||<U+2014>||
|-
|[[Jim Wiley|Wiley, Jim]]||{{flagicon|CAN}}||C||1975<U+2013>1977||36||4||6||10||6||<U+2014>||<U+2014>||<U+2014>||<U+2014>||<U+2014>||
|-
|[[Barry Wilkins|Wilkins, Barry]]||{{flagicon|CAN}}||D||1970<U+2013>1975||256||21||69||90||458||<U+2014>||<U+2014>||<U+2014>||<U+2014>||<U+2014>||
|-
|[[Tiger Williams|Williams, Tiger]]||{{flagicon|CAN}}||LW||1979<U+2013>1984||312||83||82||165||1324||31||4||10||14||181||
|-
|[[Jim Wiste|Wiste, Jim]]||{{flagicon|CAN}}||C||1970<U+2013>1971||23||1||2||3||0||<U+2014>||<U+2014>||<U+2014>||<U+2014>||<U+2014>||
|-
|[[Dan Woodley|Woodley, Dan]]||{{flagicon|USA}}||C||1987<U+2013>1988||5||2||0||2||17||<U+2014>||<U+2014>||<U+2014>||<U+2014>||<U+2014>||
|-
|[[Mark Wotton|Wotton, Mark]]||{{flagicon|CAN}}||D||1994<U+2013>1998||42||3||6||9||25||5||0||0||0||4||
|-
|[[John Wright (ice hockey)|Wright, John]]||{{flagicon|CAN}}||C||1972<U+2013>1974||91||13||30||43||43||<U+2014>||<U+2014>||<U+2014>||<U+2014>||<U+2014>||
|-
|<span id="Y"/>[[Harry York|York, Harry]]||{{flagicon|CAN}}||C||1998<U+2013>2000||103||11||22||33||40||<U+2014>||<U+2014>||<U+2014>||<U+2014>||<U+2014>||
|-
|[[Howie Young|Young, Howie]]||{{flagicon|CAN}}||D||1970<U+2013>1971||11||0||2||2||25||<U+2014>||<U+2014>||<U+2014>||<U+2014>||<U+2014>||
|-
|<span id="Z"/>[[Lars Zetterstr<U+00F6>m|Zetterstrom, Lars]]||{{flagicon|SWE}}||D||1978<U+2013>1979||14||0||1||1||2||<U+2014>||<U+2014>||<U+2014>||<U+2014>||<U+2014>||
|-
|[[Peter Zezel|Zezel, Peter]]||{{flagicon|CAN}}||C||1997<U+2013>1999||66||11||20||31||18||<U+2014>||<U+2014>||<U+2014>||<U+2014>||<U+2014>||
|}

==Notes==
*{{fnb|1}}Beginning in the [[2005<U+2013>06 NHL season|2005<U+2013>06]] season, ties are no longer possible. At the same time, the league began tracking overtime losses for goaltenders.<ref>{{cite news|last=Kreda|first=Allan|title=NHL owners approve new labor agreement, change rules|publisher=[[Bloomberg L.P.]]|date=July 22, 2005|url=http://www.bloomberg.com/apps/news?pid=10000082&sid=aW.ROStifCf0&refer=canada|accessdate=2008-04-30}}</ref>
*{{fnb|2}}[[Marek Mal<U+00ED>k|Marek Malik]] shared the [[NHL Plus-Minus Award]] with [[Martin St. Louis]] of the [[Tampa Bay Lightning]] after both players had a [[plus/minus]] of +35.<ref>{{cite news|last=James|first=Brant|title=Perrin says rise with Lightning is 'surreal'|publisher=''[[St. Petersburg Times]]''|date=April 7, 2004|url=http://www.sptimes.com/2004/04/07/Lightning/Perrin_says_rise_with.shtml|accessdate=2008-04-30}}</ref>

==References==
;General
<small>
*{{cite web|title=All-time roster for the Vancouver Canucks|url=http://www.hockeydb.com/ihdb/stats/ttotdisplay.php3?tid=39|publisher=The Internet Hockey Database|accessdate=2008-04-30}}
*{{cite web|title=All-time roster for the Vancouver Canucks|url=http://canucks.nhl.com/team/app?service=page&page=TeamHistoricalPlayers|publisher=Vancouver Canucks|accessdate=2008-04-30}}
</small>
;Specific
{{reflist}}


{{Vancouver Canucks}}
{{List of NHL players}}

{{featured list}}
[[Category:National Hockey League lists|Vancouver Canucks]]
[[Category:Vancouver Canucks players|*]]

[[sk:Zoznam hr<U+00E1><U+010D>ov Vancouveru Canucks]]
